Workbook
Name Cycle_Date: 'Reload Status'!$C$1
Name Process_Date: 'Reload Status'!$D$1
Name TenMinutes: '[1]RPPS Chart'!$C$2
Name ThirtyMinutes: '[1]RPPS Chart'!$D$2

Sheet Daily_Completion Status
A1: OWNER | B1: PROCESS_TYPE | C1: TABLE_NAME | D1: PROCESS_DATE | E1: FINISH_DATE_TIME | F1: Key | G1: Process Date | H1: Finish DateTime
A2: DEN | B2: UPDATE | C2: PAC_ACCOUNT | D2: 2021-01-29 | E2: 2021-01-28 20:36:12 | F2: =DailyCompletionTable[[#This Row],[TABLE_NAME]]&DailyCompletionTable[[#This Row],[PROCESS_DATE]] -> PAC_ACCOUNT2021-01-29 | G2: =DATE(LEFT(DailyCompletionTable[[#This Row],[PROCESS_DATE]],4),MID(DailyCompletionTable[[#This Row],[PROCESS_DATE]],6,2),MID(DailyCompletionTable[[#This Row],[PROCESS_DATE]],9,2)) -> 44225 | H2: =DATE(LEFT(DailyCompletionTable[[#This Row],[FINISH_DATE_TIME]],4),MID(DailyCompletionTable[[#This Row],[FINISH_DATE_TIME]],6,2),MID(DailyCompletionTable[[#This Row],[FINISH_DATE_TIME]],9,2)) + TIME(MID(DailyCompletionTable[[#This Row],[FINISH_DATE_TIME]],12,2),MID(DailyCompletionTable[[#This Row],[FINISH_DATE_TIME]],15,2),MID(DailyCompletionTable[[#This Row],[FINISH_DATE_TIME]],18,2)) -> 44224.858
A3: DEN | B3: UPDATE | C3: PAG_AVAIL_GROUP | D3: 2021-01-29 | E3: 2021-01-28 20:36:12 | F3: =DailyCompletionTable[[#This Row],[TABLE_NAME]]&DailyCompletionTable[[#This Row],[PROCESS_DATE]] -> PAG_AVAIL_GROUP2021-01-29 | G3: =DATE(LEFT(DailyCompletionTable[[#This Row],[PROCESS_DATE]],4),MID(DailyCompletionTable[[#This Row],[PROCESS_DATE]],6,2),MID(DailyCompletionTable[[#This Row],[PROCESS_DATE]],9,2)) -> 44225 | H3: =DATE(LEFT(DailyCompletionTable[[#This Row],[FINISH_DATE_TIME]],4),MID(DailyCompletionTable[[#This Row],[FINISH_DATE_TIME]],6,2),MID(DailyCompletionTable[[#This Row],[FINISH_DATE_TIME]],9,2)) + TIME(MID(DailyCompletionTable[[#This Row],[FINISH_DATE_TIME]],12,2),MID(DailyCompletionTable[[#This Row],[FINISH_DATE_TIME]],15,2),MID(DailyCompletionTable[[#This Row],[FINISH_DATE_TIME]],18,2)) -> 44224.858
A4: DEN | B4: UPDATE | C4: PAP_AITM_PARM_VAL | D4: 2021-01-29 | E4: 2021-01-28 20:36:12 | F4: =DailyCompletionTable[[#This Row],[TABLE_NAME]]&DailyCompletionTable[[#This Row],[PROCESS_DATE]] -> PAP_AITM_PARM_VAL2021-01-29 | G4: =DATE(LEFT(DailyCompletionTable[[#This Row],[PROCESS_DATE]],4),MID(DailyCompletionTable[[#This Row],[PROCESS_DATE]],6,2),MID(DailyCompletionTable[[#This Row],[PROCESS_DATE]],9,2)) -> 44225 | H4: =DATE(LEFT(DailyCompletionTable[[#This Row],[FINISH_DATE_TIME]],4),MID(DailyCompletionTable[[#This Row],[FINISH_DATE_TIME]],6,2),MID(DailyCompletionTable[[#This Row],[FINISH_DATE_TIME]],9,2)) + TIME(MID(DailyCompletionTable[[#This Row],[FINISH_DATE_TIME]],12,2),MID(DailyCompletionTable[[#This Row],[FINISH_DATE_TIME]],15,2),MID(DailyCompletionTable[[#This Row],[FINISH_DATE_TIME]],18,2)) -> 44224.858
A5: DEN | B5: UPDATE | C5: PAS_ACCT_SERV_ITM | D5: 2021-01-29 | E5: 2021-01-28 20:36:12 | F5: =DailyCompletionTable[[#This Row],[TABLE_NAME]]&DailyCompletionTable[[#This Row],[PROCESS_DATE]] -> PAS_ACCT_SERV_ITM2021-01-29 | G5: =DATE(LEFT(DailyCompletionTable[[#This Row],[PROCESS_DATE]],4),MID(DailyCompletionTable[[#This Row],[PROCESS_DATE]],6,2),MID(DailyCompletionTable[[#This Row],[PROCESS_DATE]],9,2)) -> 44225 | H5: =DATE(LEFT(DailyCompletionTable[[#This Row],[FINISH_DATE_TIME]],4),MID(DailyCompletionTable[[#This Row],[FINISH_DATE_TIME]],6,2),MID(DailyCompletionTable[[#This Row],[FINISH_DATE_TIME]],9,2)) + TIME(MID(DailyCompletionTable[[#This Row],[FINISH_DATE_TIME]],12,2),MID(DailyCompletionTable[[#This Row],[FINISH_DATE_TIME]],15,2),MID(DailyCompletionTable[[#This Row],[FINISH_DATE_TIME]],18,2)) -> 44224.858
A6: DEN | B6: UPDATE | C6: PAT_AVAIL_CATG | D6: 2021-01-29 | E6: 2021-01-28 20:36:12 | F6: =DailyCompletionTable[[#This Row],[TABLE_NAME]]&DailyCompletionTable[[#This Row],[PROCESS_DATE]] -> PAT_AVAIL_CATG2021-01-29 | G6: =DATE(LEFT(DailyCompletionTable[[#This Row],[PROCESS_DATE]],4),MID(DailyCompletionTable[[#This Row],[PROCESS_DATE]],6,2),MID(DailyCompletionTable[[#This Row],[PROCESS_DATE]],9,2)) -> 44225 | H6: =DATE(LEFT(DailyCompletionTable[[#This Row],[FINISH_DATE_TIME]],4),MID(DailyCompletionTable[[#This Row],[FINISH_DATE_TIME]],6,2),MID(DailyCompletionTable[[#This Row],[FINISH_DATE_TIME]],9,2)) + TIME(MID(DailyCompletionTable[[#This Row],[FINISH_DATE_TIME]],12,2),MID(DailyCompletionTable[[#This Row],[FINISH_DATE_TIME]],15,2),MID(DailyCompletionTable[[#This Row],[FINISH_DATE_TIME]],18,2)) -> 44224.858
A7: DEN | B7: UPDATE | C7: PBK_TN_BLOCK | D7: 2021-01-29 | E7: 2021-01-28 20:36:12 | F7: =DailyCompletionTable[[#This Row],[TABLE_NAME]]&DailyCompletionTable[[#This Row],[PROCESS_DATE]] -> PBK_TN_BLOCK2021-01-29 | G7: =DATE(LEFT(DailyCompletionTable[[#This Row],[PROCESS_DATE]],4),MID(DailyCompletionTable[[#This Row],[PROCESS_DATE]],6,2),MID(DailyCompletionTable[[#This Row],[PROCESS_DATE]],9,2)) -> 44225 | H7: =DATE(LEFT(DailyCompletionTable[[#This Row],[FINISH_DATE_TIME]],4),MID(DailyCompletionTable[[#This Row],[FINISH_DATE_TIME]],6,2),MID(DailyCompletionTable[[#This Row],[FINISH_DATE_TIME]],9,2)) + TIME(MID(DailyCompletionTable[[#This Row],[FINISH_DATE_TIME]],12,2),MID(DailyCompletionTable[[#This Row],[FINISH_DATE_TIME]],15,2),MID(DailyCompletionTable[[#This Row],[FINISH_DATE_TIME]],18,2)) -> 44224.858
A8: DEN | B8: UPDATE | C8: PC | D8: 2021-01-29 | E8: 2021-01-28 21:46:01 | F8: =DailyCompletionTable[[#This Row],[TABLE_NAME]]&DailyCompletionTable[[#This Row],[PROCESS_DATE]] -> PC2021-01-29 | G8: =DATE(LEFT(DailyCompletionTable[[#This Row],[PROCESS_DATE]],4),MID(DailyCompletionTable[[#This Row],[PROCESS_DATE]],6,2),MID(DailyCompletionTable[[#This Row],[PROCESS_DATE]],9,2)) -> 44225 | H8: =DATE(LEFT(DailyCompletionTable[[#This Row],[FINISH_DATE_TIME]],4),MID(DailyCompletionTable[[#This Row],[FINISH_DATE_TIME]],6,2),MID(DailyCompletionTable[[#This Row],[FINISH_DATE_TIME]],9,2)) + TIME(MID(DailyCompletionTable[[#This Row],[FINISH_DATE_TIME]],12,2),MID(DailyCompletionTable[[#This Row],[FINISH_DATE_TIME]],15,2),MID(DailyCompletionTable[[#This Row],[FINISH_DATE_TIME]],18,2)) -> 44224.907
A9: DEN | B9: UPDATE | C9: PCA_CATG_ASSC | D9: 2021-01-29 | E9: 2021-01-28 20:15:49 | F9: =DailyCompletionTable[[#This Row],[TABLE_NAME]]&DailyCompletionTable[[#This Row],[PROCESS_DATE]] -> PCA_CATG_ASSC2021-01-29 | G9: =DATE(LEFT(DailyCompletionTable[[#This Row],[PROCESS_DATE]],4),MID(DailyCompletionTable[[#This Row],[PROCESS_DATE]],6,2),MID(DailyCompletionTable[[#This Row],[PROCESS_DATE]],9,2)) -> 44225 | H9: =DATE(LEFT(DailyCompletionTable[[#This Row],[FINISH_DATE_TIME]],4),MID(DailyCompletionTable[[#This Row],[FINISH_DATE_TIME]],6,2),MID(DailyCompletionTable[[#This Row],[FINISH_DATE_TIME]],9,2)) + TIME(MID(DailyCompletionTable[[#This Row],[FINISH_DATE_TIME]],12,2),MID(DailyCompletionTable[[#This Row],[FINISH_DATE_TIME]],15,2),MID(DailyCompletionTable[[#This Row],[FINISH_DATE_TIME]],18,2)) -> 44224.844
A10: DEN | B10: UPDATE | C10: PCI_CALL_CRD_INV | D10: 2021-01-29 | E10: 2021-01-28 20:36:12 | F10: =DailyCompletionTable[[#This Row],[TABLE_NAME]]&DailyCompletionTable[[#This Row],[PROCESS_DATE]] -> PCI_CALL_CRD_INV2021-01-29 | G10: =DATE(LEFT(DailyCompletionTable[[#This Row],[PROCESS_DATE]],4),MID(DailyCompletionTable[[#This Row],[PROCESS_DATE]],6,2),MID(DailyCompletionTable[[#This Row],[PROCESS_DATE]],9,2)) -> 44225 | H10: =DATE(LEFT(DailyCompletionTable[[#This Row],[FINISH_DATE_TIME]],4),MID(DailyCompletionTable[[#This Row],[FINISH_DATE_TIME]],6,2),MID(DailyCompletionTable[[#This Row],[FINISH_DATE_TIME]],9,2)) + TIME(MID(DailyCompletionTable[[#This Row],[FINISH_DATE_TIME]],12,2),MID(DailyCompletionTable[[#This Row],[FINISH_DATE_TIME]],15,2),MID(DailyCompletionTable[[#This Row],[FINISH_DATE_TIME]],18,2)) -> 44224.858
A11: DEN | B11: UPDATE | C11: PCP_CATG_PARM | D11: 2021-01-29 | E11: 2021-01-28 20:15:49 | F11: =DailyCompletionTable[[#This Row],[TABLE_NAME]]&DailyCompletionTable[[#This Row],[PROCESS_DATE]] -> PCP_CATG_PARM2021-01-29 | G11: =DATE(LEFT(DailyCompletionTable[[#This Row],[PROCESS_DATE]],4),MID(DailyCompletionTable[[#This Row],[PROCESS_DATE]],6,2),MID(DailyCompletionTable[[#This Row],[PROCESS_DATE]],9,2)) -> 44225 | H11: =DATE(LEFT(DailyCompletionTable[[#This Row],[FINISH_DATE_TIME]],4),MID(DailyCompletionTable[[#This Row],[FINISH_DATE_TIME]],6,2),MID(DailyCompletionTable[[#This Row],[FINISH_DATE_TIME]],9,2)) + TIME(MID(DailyCompletionTable[[#This Row],[FINISH_DATE_TIME]],12,2),MID(DailyCompletionTable[[#This Row],[FINISH_DATE_TIME]],15,2),MID(DailyCompletionTable[[#This Row],[FINISH_DATE_TIME]],18,2)) -> 44224.844
A12: DEN | B12: UPDATE | C12: PCS_CCS_SPA | D12: 2021-01-29 | E12: 2021-01-28 20:36:12 | F12: =DailyCompletionTable[[#This Row],[TABLE_NAME]]&DailyCompletionTable[[#This Row],[PROCESS_DATE]] -> PCS_CCS_SPA2021-01-29 | G12: =DATE(LEFT(DailyCompletionTable[[#This Row],[PROCESS_DATE]],4),MID(DailyCompletionTable[[#This Row],[PROCESS_DATE]],6,2),MID(DailyCompletionTable[[#This Row],[PROCESS_DATE]],9,2)) -> 44225 | H12: =DATE(LEFT(DailyCompletionTable[[#This Row],[FINISH_DATE_TIME]],4),MID(DailyCompletionTable[[#This Row],[FINISH_DATE_TIME]],6,2),MID(DailyCompletionTable[[#This Row],[FINISH_DATE_TIME]],9,2)) + TIME(MID(DailyCompletionTable[[#This Row],[FINISH_DATE_TIME]],12,2),MID(DailyCompletionTable[[#This Row],[FINISH_DATE_TIME]],15,2),MID(DailyCompletionTable[[#This Row],[FINISH_DATE_TIME]],18,2)) -> 44224.858
A13: DEN | B13: UPDATE | C13: PCT_CATG_ITM | D13: 2021-01-29 | E13: 2021-01-28 20:15:49 | F13: =DailyCompletionTable[[#This Row],[TABLE_NAME]]&DailyCompletionTable[[#This Row],[PROCESS_DATE]] -> PCT_CATG_ITM2021-01-29 | G13: =DATE(LEFT(DailyCompletionTable[[#This Row],[PROCESS_DATE]],4),MID(DailyCompletionTable[[#This Row],[PROCESS_DATE]],6,2),MID(DailyCompletionTable[[#This Row],[PROCESS_DATE]],9,2)) -> 44225 | H13: =DATE(LEFT(DailyCompletionTable[[#This Row],[FINISH_DATE_TIME]],4),MID(DailyCompletionTable[[#This Row],[FINISH_DATE_TIME]],6,2),MID(DailyCompletionTable[[#This Row],[FINISH_DATE_TIME]],9,2)) + TIME(MID(DailyCompletionTable[[#This Row],[FINISH_DATE_TIME]],12,2),MID(DailyCompletionTable[[#This Row],[FINISH_DATE_TIME]],15,2),MID(DailyCompletionTable[[#This Row],[FINISH_DATE_TIME]],18,2)) -> 44224.844
... A663: WOM | B663: UPDATE | C663: VIPXPMT | D663: 2021-01-29 | E663: 2021-01-28 21:03:28 | F663: =DailyCompletionTable[[#This Row],[TABLE_NAME]]&DailyCompletionTable[[#This Row],[PROCESS_DATE]] -> VIPXPMT2021-01-29 | G663: =DATE(LEFT(DailyCompletionTable[[#This Row],[PROCESS_DATE]],4),MID(DailyCompletionTable[[#This Row],[PROCESS_DATE]],6,2),MID(DailyCompletionTable[[#This Row],[PROCESS_DATE]],9,2)) -> 44225 | H663: =DATE(LEFT(DailyCompletionTable[[#This Row],[FINISH_DATE_TIME]],4),MID(DailyCompletionTable[[#This Row],[FINISH_DATE_TIME]],6,2),MID(DailyCompletionTable[[#This Row],[FINISH_DATE_TIME]],9,2)) + TIME(MID(DailyCompletionTable[[#This Row],[FINISH_DATE_TIME]],12,2),MID(DailyCompletionTable[[#This Row],[FINISH_DATE_TIME]],15,2),MID(DailyCompletionTable[[#This Row],[FINISH_DATE_TIME]],18,2)) -> 44224.877

Sheet Infocast Autosys Job status
B1: Job Name | C1: Type | D1: Box Name | E1: Last Start | F1: Last End | G1: Status | H1: Exit
A2: SAND Prod - C01
A3: All Times are in US/Mountain
A4: Show / hide columns
A5: Refresh Job StatusSend Event
B6: Job Name | C6: Type | D6: Box Name | E6: Last Start | F6: Last End | G6: Status | H6: Exit
B7: VAN-INFOCAST-NDW-CEE-DLY | C7: BOX | E7: 44225.344 | F7: 44225.344 | G7: SUCCESS | H7: 0
B8: VAN-INFOCAST-NDW-CVT-DLY | C8: BOX | E8: 44225.347 | F8: 44225.347 | G8: SUCCESS | H8: 0
B9: VAN-INFOCAST-NDW-CC1-DLY | C9: BOX | E9: 44225.344 | F9: 44225.344 | G9: SUCCESS | H9: 0
B10: VAN-INFOCAST-NDW-OCI-DLY | C10: BOX | E10: 44224.948 | F10: 44224.96 | G10: SUCCESS | H10: 0
B11: VAN-INFOCAST-NDW-OHI-DLY | C11: BOX | E11: 44224.948 | F11: 44224.951 | G11: SUCCESS | H11: 0
B12: VAN-INFOCAST-NDW-OPI-DLY | C12: BOX | E12: 44224.948 | F12: 44224.951 | G12: SUCCESS | H12: 0
B13: VAN-INFOCAST-NDW-OCR-DLY | C13: BOX | E13: 44224.951 | F13: 44224.954 | G13: SUCCESS | H13: 0
B14: VAN-INFOCAST-NDW-OOR-DLY | C14: BOX | E14: 44224.951 | F14: 44224.954 | G14: SUCCESS | H14: 0
B15: VAN-INFOCAST-NDW-OTR-DLY | C15: BOX | E15: 44224.951 | F15: 44224.954 | G15: SUCCESS | H15: 0
B16: VAN-INFOCAST-NDW-JOB-DLY | C16: BOX | E16: 44224.955 | F16: 44224.959 | G16: SUCCESS | H16: 0
B17: VAN-INFOCAST-NDW-EQP-DLY | C17: BOX | E17: 44224.955 | F17: 44224.959 | G17: SUCCESS | H17: 0
B18: VAN-INFOCAST-NDW-HSE-DLY | C18: BOX | E18: 44224.955 | F18: 44224.959 | G18: SUCCESS | H18: 0
... B31: VAN-INFOCAST-NDW-OTL-DLY | C31: BOX | E31: 44224.976 | F31: 44224.977 | G31: SUCCESS | H31: 0
B32: VAN-INFOCAST-NDW-CAL-OCI-DLY | C32: BOX | D32: VAN-INFOCAST-NDW-OCI-DLY | E32: 44224.948 | F32: 44224.958 | G32: SUCCESS | H32: 0
B33: VAN-INFOCAST-NDW-CAL-OHI-DLY | C33: BOX | D33: VAN-INFOCAST-NDW-OHI-DLY | E33: 44224.948 | F33: 44224.95 | G33: SUCCESS | H33: 0
B34: VAN-INFOCAST-NDW-CAL-OPI-DLY | C34: BOX | D34: VAN-INFOCAST-NDW-OPI-DLY | E34: 44224.948 | F34: 44224.951 | G34: SUCCESS | H34: 0
B35: VAN-INFOCAST-NDW-CAL-JOB-DLY | C35: BOX | D35: VAN-INFOCAST-NDW-JOB-DLY | E35: 44224.955 | F35: 44224.958 | G35: SUCCESS | H35: 0
B36: VAN-INFOCAST-NDW-CAL-OJA-DLY | C36: BOX | D36: VAN-INFOCAST-NDW-OJA-DLY | E36: 44224.972 | F36: 44224.973 | G36: SUCCESS | H36: 0
B37: VAN-INFOCAST-NDW-CAL-OCR-DLY | C37: BOX | D37: VAN-INFOCAST-NDW-OCR-DLY | E37: 44224.951 | F37: 44224.953 | G37: SUCCESS | H37: 0
B38: VAN-INFOCAST-NDW-CAL-OOR-DLY | C38: BOX | D38: VAN-INFOCAST-NDW-OOR-DLY | E38: 44224.951 | F38: 44224.953 | G38: SUCCESS | H38: 0
B39: VAN-INFOCAST-NDW-CAL-OTR-DLY | C39: BOX | D39: VAN-INFOCAST-NDW-OTR-DLY | E39: 44224.951 | F39: 44224.953 | G39: SUCCESS | H39: 0
B40: VAN-INFOCAST-NDW-CAL-OCL-DLY | C40: BOX | D40: VAN-INFOCAST-NDW-OCL-DLY | E40: 44224.976 | F40: 44224.976 | G40: SUCCESS | H40: 0
B41: VAN-INFOCAST-NDW-CAL-OOL-DLY | C41: BOX | D41: VAN-INFOCAST-NDW-OOL-DLY | E41: 44224.976 | F41: 44224.976 | G41: SUCCESS | H41: 0
B42: VAN-INFOCAST-NDW-CAL-OTL-DLY | C42: BOX | D42: VAN-INFOCAST-NDW-OTL-DLY | E42: 44224.976 | F42: 44224.976 | G42: SUCCESS | H42: 0
B43: VAN-INFOCAST-NDW-CAL-CUS-DLY | C43: BOX | D43: VAN-INFOCAST-NDW-CUS-DLY | E43: 44224.955 | F43: 44224.958 | G43: SUCCESS | H43: 0
... B450: VAN-INFOCAST-NDW-FLA-OTR-DLY | C450: BOX | D450: VAN-INFOCAST-NDW-OTR-DLY | E450: 44224.951 | F450: 44224.954 | G450: SUCCESS | H450: 0

Sheet Reload Status
B1: Cycle Date: | C1: 44238 | D1: =Cycle_Date+1 -> 44239 | E1: <--Process Date | H1: Replace the formula-calculated status with the word 'Validated' once validation for a specific table is completed.
A3: MSO | B3: Subsystem | C3: Abbreviation | D3: Table | E3: Vantage View Name | F3: Forecasted Reload Completion Time (MT) | G3: Forecasted Reload Completion Time (CT) | H3: Vantage Table Reload Status | I3: Actual Completion time (MT) | J3: Actual Completion time (CT) | K3: DWH Infocast Jobname | L3: DWH Infocast Filename | M3: Forecasted DWH Infocast File Delivery Time (MT) | N3: DWH Infocast Status | O3: DWH Infocast File Actual Delivery Time (MT) | P3: DWH Infocast File Actual Delivery Time (CT) | S3: Update RPPS | T3: Reload RPPS
A4: DEN | B4: EQUIPMENT/NEQ | C4: NEQ | D4: =_xlfn.TEXTJOIN("",TRUE, "VIP",ReloadStatusTable[[#This Row],[Abbreviation]],"T") -> VIPNEQT | E4: NEQ_SUB | F4: 44238.938 | G4: =ReloadStatusTable[[#This Row],[Forecasted Reload Completion Time (MT)]]+1/24 -> 44238.979 | H4: =IF(ReloadStatusTable[[#This Row],[Actual Completion time (MT)]]="","not done yet","Complete") -> not done yet | I4: =_xlfn.XLOOKUP(CONCATENATE(ReloadStatusTable[[#This Row],[Table]],TEXT(Process_Date,"yyyy-mm-dd")),'Daily_Completion Status'!F:F,'Daily_Completion Status'!H:H,"",0) | J4: =ReloadStatusTable[[#This Row],[Actual Completion time (MT)]]+1/24 -> #VALUE! | K4: =_xlfn.TEXTJOIN("",TRUE, "VAN-INFOCAST-NDW-",ReloadStatusTable[[#This Row],[MSO]],"-",IF(ReloadStatusTable[[#This Row],[Abbreviation]]="HSB","HSE",IF(ReloadStatusTable[[#This Row],[Abbreviation]]="OJB","JOB",ReloadStatusTable[[#This Row],[Abbreviation]])),"-DLY") -> VAN-INFOCAST-NDW-DEN-NEQ-DLY | L4: ndwinfoc.infocastvntg.YYYY-MM-DD.HHMMSS.SSS.neq_sub.dat.gz.pgp | M4: 44239.021 | N4: =IF(ReloadStatusTable[[#This Row],[DWH Infocast Jobname]]="N/A","N/A",IF(ReloadStatusTable[[#This Row],[DWH Infocast File Actual Delivery Time (MT)]]="","not delivered yet","Delivered")) -> not delivered yet | O4: =IF(ReloadStatusTable[[#This Row],[DWH Infocast Jobname]]="N/A","N/A",IF(AND(_xlfn.XLOOKUP(ReloadStatusTable[[#This Row],[DWH Infocast Jobname]],'Infocast Autosys Job status'!B:B,'Infocast Autosys Job status'!F:F,"",0)>($C$1 + (18/24)),_xlfn.XLOOKUP(ReloadStatusTable[[#This Row],[DWH Infocast Jobname]],'Infocast Autosys Job status'!B:B,'Infocast Autosys Job status'!F:F,"",0)<($C$1 + 1 + (18/24))),_xlfn.XLOOKUP(ReloadStatusTable[[#This Row],[DWH Infocast Jobname]],'Infocast Autosys Job status'!B:B,'Infocast Autosys Job status'!F:F,"",0),"")) | P4: =ReloadStatusTable[[#This Row],[DWH Infocast File Actual Delivery Time (MT)]] + 1/24 -> #VALUE! | S4: 1400 | T4: 45000
A5: SLC | B5: EQUIPMENT/NEQ | C5: NEQ | D5: =_xlfn.TEXTJOIN("",TRUE, "VIP",ReloadStatusTable[[#This Row],[Abbreviation]],"T") -> VIPNEQT | E5: NEQ_SUB | F5: 44238.938 | G5: =ReloadStatusTable[[#This Row],[Forecasted Reload Completion Time (MT)]]+1/24 -> 44238.979 | H5: =IF(ReloadStatusTable[[#This Row],[Actual Completion time (MT)]]="","not done yet","Complete") -> not done yet | I5: =_xlfn.XLOOKUP(CONCATENATE(ReloadStatusTable[[#This Row],[Table]],TEXT(Process_Date,"yyyy-mm-dd")),'Daily_Completion Status'!F:F,'Daily_Completion Status'!H:H,"",0) | J5: =ReloadStatusTable[[#This Row],[Actual Completion time (MT)]]+1/24 -> #VALUE! | K5: =_xlfn.TEXTJOIN("",TRUE, "VAN-INFOCAST-NDW-",ReloadStatusTable[[#This Row],[MSO]],"-",IF(ReloadStatusTable[[#This Row],[Abbreviation]]="HSB","HSE",IF(ReloadStatusTable[[#This Row],[Abbreviation]]="OJB","JOB",ReloadStatusTable[[#This Row],[Abbreviation]])),"-DLY") -> VAN-INFOCAST-NDW-SLC-NEQ-DLY | L5: ndwinfoc.infocastvntg.YYYY-MM-DD.HHMMSS.SSS.neq_sub.dat.gz.pgp | M5: 44239.021 | N5: =IF(ReloadStatusTable[[#This Row],[DWH Infocast Jobname]]="N/A","N/A",IF(ReloadStatusTable[[#This Row],[DWH Infocast File Actual Delivery Time (MT)]]="","not delivered yet","Delivered")) -> not delivered yet | O5: =IF(ReloadStatusTable[[#This Row],[DWH Infocast Jobname]]="N/A","N/A",IF(AND(_xlfn.XLOOKUP(ReloadStatusTable[[#This Row],[DWH Infocast Jobname]],'Infocast Autosys Job status'!B:B,'Infocast Autosys Job status'!F:F,"",0)>($C$1 + (18/24)),_xlfn.XLOOKUP(ReloadStatusTable[[#This Row],[DWH Infocast Jobname]],'Infocast Autosys Job status'!B:B,'Infocast Autosys Job status'!F:F,"",0)<($C$1 + 1 + (18/24))),_xlfn.XLOOKUP(ReloadStatusTable[[#This Row],[DWH Infocast Jobname]],'Infocast Autosys Job status'!B:B,'Infocast Autosys Job status'!F:F,"",0),"")) | P5: =ReloadStatusTable[[#This Row],[DWH Infocast File Actual Delivery Time (MT)]] + 1/24 -> #VALUE! | S5: 1400 | T5: 45000
A6: WOM | B6: EQUIPMENT/NEQ | C6: NEQ | D6: =_xlfn.TEXTJOIN("",TRUE, "VIP",ReloadStatusTable[[#This Row],[Abbreviation]],"T") -> VIPNEQT | E6: NEQ_SUB | F6: 44238.938 | G6: =ReloadStatusTable[[#This Row],[Forecasted Reload Completion Time (MT)]]+1/24 -> 44238.979 | H6: =IF(ReloadStatusTable[[#This Row],[Actual Completion time (MT)]]="","not done yet","Complete") -> not done yet | I6: =_xlfn.XLOOKUP(CONCATENATE(ReloadStatusTable[[#This Row],[Table]],TEXT(Process_Date,"yyyy-mm-dd")),'Daily_Completion Status'!F:F,'Daily_Completion Status'!H:H,"",0) | J6: =ReloadStatusTable[[#This Row],[Actual Completion time (MT)]]+1/24 -> #VALUE! | K6: =_xlfn.TEXTJOIN("",TRUE, "VAN-INFOCAST-NDW-",ReloadStatusTable[[#This Row],[MSO]],"-",IF(ReloadStatusTable[[#This Row],[Abbreviation]]="HSB","HSE",IF(ReloadStatusTable[[#This Row],[Abbreviation]]="OJB","JOB",ReloadStatusTable[[#This Row],[Abbreviation]])),"-DLY") -> VAN-INFOCAST-NDW-WOM-NEQ-DLY | L6: ndwinfoc.infocastvntg.YYYY-MM-DD.HHMMSS.SSS.neq_sub.dat.gz.pgp | M6: 44239.021 | N6: =IF(ReloadStatusTable[[#This Row],[DWH Infocast Jobname]]="N/A","N/A",IF(ReloadStatusTable[[#This Row],[DWH Infocast File Actual Delivery Time (MT)]]="","not delivered yet","Delivered")) -> not delivered yet | O6: =IF(ReloadStatusTable[[#This Row],[DWH Infocast Jobname]]="N/A","N/A",IF(AND(_xlfn.XLOOKUP(ReloadStatusTable[[#This Row],[DWH Infocast Jobname]],'Infocast Autosys Job status'!B:B,'Infocast Autosys Job status'!F:F,"",0)>($C$1 + (18/24)),_xlfn.XLOOKUP(ReloadStatusTable[[#This Row],[DWH Infocast Jobname]],'Infocast Autosys Job status'!B:B,'Infocast Autosys Job status'!F:F,"",0)<($C$1 + 1 + (18/24))),_xlfn.XLOOKUP(ReloadStatusTable[[#This Row],[DWH Infocast Jobname]],'Infocast Autosys Job status'!B:B,'Infocast Autosys Job status'!F:F,"",0),"")) | P6: =ReloadStatusTable[[#This Row],[DWH Infocast File Actual Delivery Time (MT)]] + 1/24 -> #VALUE! | S6: 1400 | T6: 45000
A7: DEN | B7: CONTACT | C7: CON | D7: =_xlfn.TEXTJOIN("",TRUE, "VIP",ReloadStatusTable[[#This Row],[Abbreviation]],"T") -> VIPCONT | E7: CON_CONTACT | F7: 44238.917 | G7: =ReloadStatusTable[[#This Row],[Forecasted Reload Completion Time (MT)]]+1/24 -> 44238.958 | H7: =IF(ReloadStatusTable[[#This Row],[Actual Completion time (MT)]]="","not done yet","Complete") -> not done yet | I7: =_xlfn.XLOOKUP(CONCATENATE(ReloadStatusTable[[#This Row],[Table]],TEXT(Process_Date,"yyyy-mm-dd")),'Daily_Completion Status'!F:F,'Daily_Completion Status'!H:H,"",0) | J7: =ReloadStatusTable[[#This Row],[Actual Completion time (MT)]]+1/24 -> #VALUE! | K7: =_xlfn.TEXTJOIN("",TRUE, "VAN-INFOCAST-NDW-",ReloadStatusTable[[#This Row],[MSO]],"-",IF(ReloadStatusTable[[#This Row],[Abbreviation]]="HSB","HSE",IF(ReloadStatusTable[[#This Row],[Abbreviation]]="OJB","JOB",ReloadStatusTable[[#This Row],[Abbreviation]])),"-DLY") -> VAN-INFOCAST-NDW-DEN-CON-DLY | L7: N/A | M7: N/A | N7: =IF(ReloadStatusTable[[#This Row],[DWH Infocast Jobname]]="N/A","N/A",IF(ReloadStatusTable[[#This Row],[DWH Infocast File Actual Delivery Time (MT)]]="","not delivered yet","Delivered")) -> not delivered yet | O7: =IF(ReloadStatusTable[[#This Row],[DWH Infocast Jobname]]="N/A","N/A",IF(AND(_xlfn.XLOOKUP(ReloadStatusTable[[#This Row],[DWH Infocast Jobname]],'Infocast Autosys Job status'!B:B,'Infocast Autosys Job status'!F:F,"",0)>($C$1 + (18/24)),_xlfn.XLOOKUP(ReloadStatusTable[[#This Row],[DWH Infocast Jobname]],'Infocast Autosys Job status'!B:B,'Infocast Autosys Job status'!F:F,"",0)<($C$1 + 1 + (18/24))),_xlfn.XLOOKUP(ReloadStatusTable[[#This Row],[DWH Infocast Jobname]],'Infocast Autosys Job status'!B:B,'Infocast Autosys Job status'!F:F,"",0),"")) | P7: =ReloadStatusTable[[#This Row],[DWH Infocast File Actual Delivery Time (MT)]] + 1/24 -> #VALUE!
A8: SLC | B8: CONTACT | C8: CON | D8: =_xlfn.TEXTJOIN("",TRUE, "VIP",ReloadStatusTable[[#This Row],[Abbreviation]],"T") -> VIPCONT | E8: CON_CONTACT | F8: 44238.917 | G8: =ReloadStatusTable[[#This Row],[Forecasted Reload Completion Time (MT)]]+1/24 -> 44238.958 | H8: =IF(ReloadStatusTable[[#This Row],[Actual Completion time (MT)]]="","not done yet","Complete") -> not done yet | I8: =_xlfn.XLOOKUP(CONCATENATE(ReloadStatusTable[[#This Row],[Table]],TEXT(Process_Date,"yyyy-mm-dd")),'Daily_Completion Status'!F:F,'Daily_Completion Status'!H:H,"",0) | J8: =ReloadStatusTable[[#This Row],[Actual Completion time (MT)]]+1/24 -> #VALUE! | K8: =_xlfn.TEXTJOIN("",TRUE, "VAN-INFOCAST-NDW-",ReloadStatusTable[[#This Row],[MSO]],"-",IF(ReloadStatusTable[[#This Row],[Abbreviation]]="HSB","HSE",IF(ReloadStatusTable[[#This Row],[Abbreviation]]="OJB","JOB",ReloadStatusTable[[#This Row],[Abbreviation]])),"-DLY") -> VAN-INFOCAST-NDW-SLC-CON-DLY | L8: N/A | M8: N/A | N8: =IF(ReloadStatusTable[[#This Row],[DWH Infocast Jobname]]="N/A","N/A",IF(ReloadStatusTable[[#This Row],[DWH Infocast File Actual Delivery Time (MT)]]="","not delivered yet","Delivered")) -> not delivered yet | O8: =IF(ReloadStatusTable[[#This Row],[DWH Infocast Jobname]]="N/A","N/A",IF(AND(_xlfn.XLOOKUP(ReloadStatusTable[[#This Row],[DWH Infocast Jobname]],'Infocast Autosys Job status'!B:B,'Infocast Autosys Job status'!F:F,"",0)>($C$1 + (18/24)),_xlfn.XLOOKUP(ReloadStatusTable[[#This Row],[DWH Infocast Jobname]],'Infocast Autosys Job status'!B:B,'Infocast Autosys Job status'!F:F,"",0)<($C$1 + 1 + (18/24))),_xlfn.XLOOKUP(ReloadStatusTable[[#This Row],[DWH Infocast Jobname]],'Infocast Autosys Job status'!B:B,'Infocast Autosys Job status'!F:F,"",0),"")) | P8: =ReloadStatusTable[[#This Row],[DWH Infocast File Actual Delivery Time (MT)]] + 1/24 -> #VALUE!
A9: WOM | B9: CONTACT | C9: CON | D9: =_xlfn.TEXTJOIN("",TRUE, "VIP",ReloadStatusTable[[#This Row],[Abbreviation]],"T") -> VIPCONT | E9: CON_CONTACT | F9: 44238.917 | G9: =ReloadStatusTable[[#This Row],[Forecasted Reload Completion Time (MT)]]+1/24 -> 44238.958 | H9: =IF(ReloadStatusTable[[#This Row],[Actual Completion time (MT)]]="","not done yet","Complete") -> not done yet | I9: =_xlfn.XLOOKUP(CONCATENATE(ReloadStatusTable[[#This Row],[Table]],TEXT(Process_Date,"yyyy-mm-dd")),'Daily_Completion Status'!F:F,'Daily_Completion Status'!H:H,"",0) | J9: =ReloadStatusTable[[#This Row],[Actual Completion time (MT)]]+1/24 -> #VALUE! | K9: =_xlfn.TEXTJOIN("",TRUE, "VAN-INFOCAST-NDW-",ReloadStatusTable[[#This Row],[MSO]],"-",IF(ReloadStatusTable[[#This Row],[Abbreviation]]="HSB","HSE",IF(ReloadStatusTable[[#This Row],[Abbreviation]]="OJB","JOB",ReloadStatusTable[[#This Row],[Abbreviation]])),"-DLY") -> VAN-INFOCAST-NDW-WOM-CON-DLY | L9: N/A | M9: N/A | N9: =IF(ReloadStatusTable[[#This Row],[DWH Infocast Jobname]]="N/A","N/A",IF(ReloadStatusTable[[#This Row],[DWH Infocast File Actual Delivery Time (MT)]]="","not delivered yet","Delivered")) -> not delivered yet | O9: =IF(ReloadStatusTable[[#This Row],[DWH Infocast Jobname]]="N/A","N/A",IF(AND(_xlfn.XLOOKUP(ReloadStatusTable[[#This Row],[DWH Infocast Jobname]],'Infocast Autosys Job status'!B:B,'Infocast Autosys Job status'!F:F,"",0)>($C$1 + (18/24)),_xlfn.XLOOKUP(ReloadStatusTable[[#This Row],[DWH Infocast Jobname]],'Infocast Autosys Job status'!B:B,'Infocast Autosys Job status'!F:F,"",0)<($C$1 + 1 + (18/24))),_xlfn.XLOOKUP(ReloadStatusTable[[#This Row],[DWH Infocast Jobname]],'Infocast Autosys Job status'!B:B,'Infocast Autosys Job status'!F:F,"",0),"")) | P9: =ReloadStatusTable[[#This Row],[DWH Infocast File Actual Delivery Time (MT)]] + 1/24 -> #VALUE!
A10: DEN | B10: HOUSE | C10: HSB | D10: =_xlfn.TEXTJOIN("",TRUE, "VIP",ReloadStatusTable[[#This Row],[Abbreviation]],"T") -> VIPHSBT | E10: HSE_BASE | F10: 44238.917 | G10: =ReloadStatusTable[[#This Row],[Forecasted Reload Completion Time (MT)]]+1/24 -> 44238.958 | H10: =IF(ReloadStatusTable[[#This Row],[Actual Completion time (MT)]]="","not done yet","Complete") -> not done yet | I10: =_xlfn.XLOOKUP(CONCATENATE(ReloadStatusTable[[#This Row],[Table]],TEXT(Process_Date,"yyyy-mm-dd")),'Daily_Completion Status'!F:F,'Daily_Completion Status'!H:H,"",0) | J10: =ReloadStatusTable[[#This Row],[Actual Completion time (MT)]]+1/24 -> #VALUE! | K10: =_xlfn.TEXTJOIN("",TRUE, "VAN-INFOCAST-NDW-",ReloadStatusTable[[#This Row],[MSO]],"-",IF(ReloadStatusTable[[#This Row],[Abbreviation]]="HSB","HSE",IF(ReloadStatusTable[[#This Row],[Abbreviation]]="OJB","JOB",ReloadStatusTable[[#This Row],[Abbreviation]])),"-DLY") -> VAN-INFOCAST-NDW-DEN-HSE-DLY | L10: ndwinfoc.infocastvntg.YYYY-MM-DD.HHMMSS.SSS.hse_base.dat.gz.pgp | M10: 44239.01 | N10: =IF(ReloadStatusTable[[#This Row],[DWH Infocast Jobname]]="N/A","N/A",IF(ReloadStatusTable[[#This Row],[DWH Infocast File Actual Delivery Time (MT)]]="","not delivered yet","Delivered")) -> not delivered yet | O10: =IF(ReloadStatusTable[[#This Row],[DWH Infocast Jobname]]="N/A","N/A",IF(AND(_xlfn.XLOOKUP(ReloadStatusTable[[#This Row],[DWH Infocast Jobname]],'Infocast Autosys Job status'!B:B,'Infocast Autosys Job status'!F:F,"",0)>($C$1 + (18/24)),_xlfn.XLOOKUP(ReloadStatusTable[[#This Row],[DWH Infocast Jobname]],'Infocast Autosys Job status'!B:B,'Infocast Autosys Job status'!F:F,"",0)<($C$1 + 1 + (18/24))),_xlfn.XLOOKUP(ReloadStatusTable[[#This Row],[DWH Infocast Jobname]],'Infocast Autosys Job status'!B:B,'Infocast Autosys Job status'!F:F,"",0),"")) | P10: =ReloadStatusTable[[#This Row],[DWH Infocast File Actual Delivery Time (MT)]] + 1/24 -> #VALUE!
A11: SLC | B11: HOUSE | C11: HSB | D11: =_xlfn.TEXTJOIN("",TRUE, "VIP",ReloadStatusTable[[#This Row],[Abbreviation]],"T") -> VIPHSBT | E11: HSE_BASE | F11: 44238.917 | G11: =ReloadStatusTable[[#This Row],[Forecasted Reload Completion Time (MT)]]+1/24 -> 44238.958 | H11: =IF(ReloadStatusTable[[#This Row],[Actual Completion time (MT)]]="","not done yet","Complete") -> not done yet | I11: =_xlfn.XLOOKUP(CONCATENATE(ReloadStatusTable[[#This Row],[Table]],TEXT(Process_Date,"yyyy-mm-dd")),'Daily_Completion Status'!F:F,'Daily_Completion Status'!H:H,"",0) | J11: =ReloadStatusTable[[#This Row],[Actual Completion time (MT)]]+1/24 -> #VALUE! | K11: =_xlfn.TEXTJOIN("",TRUE, "VAN-INFOCAST-NDW-",ReloadStatusTable[[#This Row],[MSO]],"-",IF(ReloadStatusTable[[#This Row],[Abbreviation]]="HSB","HSE",IF(ReloadStatusTable[[#This Row],[Abbreviation]]="OJB","JOB",ReloadStatusTable[[#This Row],[Abbreviation]])),"-DLY") -> VAN-INFOCAST-NDW-SLC-HSE-DLY | L11: ndwinfoc.infocastvntg.YYYY-MM-DD.HHMMSS.SSS.hse_base.dat.gz.pgp | M11: 44239.01 | N11: =IF(ReloadStatusTable[[#This Row],[DWH Infocast Jobname]]="N/A","N/A",IF(ReloadStatusTable[[#This Row],[DWH Infocast File Actual Delivery Time (MT)]]="","not delivered yet","Delivered")) -> not delivered yet | O11: =IF(ReloadStatusTable[[#This Row],[DWH Infocast Jobname]]="N/A","N/A",IF(AND(_xlfn.XLOOKUP(ReloadStatusTable[[#This Row],[DWH Infocast Jobname]],'Infocast Autosys Job status'!B:B,'Infocast Autosys Job status'!F:F,"",0)>($C$1 + (18/24)),_xlfn.XLOOKUP(ReloadStatusTable[[#This Row],[DWH Infocast Jobname]],'Infocast Autosys Job status'!B:B,'Infocast Autosys Job status'!F:F,"",0)<($C$1 + 1 + (18/24))),_xlfn.XLOOKUP(ReloadStatusTable[[#This Row],[DWH Infocast Jobname]],'Infocast Autosys Job status'!B:B,'Infocast Autosys Job status'!F:F,"",0),"")) | P11: =ReloadStatusTable[[#This Row],[DWH Infocast File Actual Delivery Time (MT)]] + 1/24 -> #VALUE!
A12: WOM | B12: HOUSE | C12: HSB | D12: =_xlfn.TEXTJOIN("",TRUE, "VIP",ReloadStatusTable[[#This Row],[Abbreviation]],"T") -> VIPHSBT | E12: HSE_BASE | F12: 44238.917 | G12: =ReloadStatusTable[[#This Row],[Forecasted Reload Completion Time (MT)]]+1/24 -> 44238.958 | H12: =IF(ReloadStatusTable[[#This Row],[Actual Completion time (MT)]]="","not done yet","Complete") -> not done yet | I12: =_xlfn.XLOOKUP(CONCATENATE(ReloadStatusTable[[#This Row],[Table]],TEXT(Process_Date,"yyyy-mm-dd")),'Daily_Completion Status'!F:F,'Daily_Completion Status'!H:H,"",0) | J12: =ReloadStatusTable[[#This Row],[Actual Completion time (MT)]]+1/24 -> #VALUE! | K12: =_xlfn.TEXTJOIN("",TRUE, "VAN-INFOCAST-NDW-",ReloadStatusTable[[#This Row],[MSO]],"-",IF(ReloadStatusTable[[#This Row],[Abbreviation]]="HSB","HSE",IF(ReloadStatusTable[[#This Row],[Abbreviation]]="OJB","JOB",ReloadStatusTable[[#This Row],[Abbreviation]])),"-DLY") -> VAN-INFOCAST-NDW-WOM-HSE-DLY | L12: ndwinfoc.infocastvntg.YYYY-MM-DD.HHMMSS.SSS.hse_base.dat.gz.pgp | M12: 44239.01 | N12: =IF(ReloadStatusTable[[#This Row],[DWH Infocast Jobname]]="N/A","N/A",IF(ReloadStatusTable[[#This Row],[DWH Infocast File Actual Delivery Time (MT)]]="","not delivered yet","Delivered")) -> not delivered yet | O12: =IF(ReloadStatusTable[[#This Row],[DWH Infocast Jobname]]="N/A","N/A",IF(AND(_xlfn.XLOOKUP(ReloadStatusTable[[#This Row],[DWH Infocast Jobname]],'Infocast Autosys Job status'!B:B,'Infocast Autosys Job status'!F:F,"",0)>($C$1 + (18/24)),_xlfn.XLOOKUP(ReloadStatusTable[[#This Row],[DWH Infocast Jobname]],'Infocast Autosys Job status'!B:B,'Infocast Autosys Job status'!F:F,"",0)<($C$1 + 1 + (18/24))),_xlfn.XLOOKUP(ReloadStatusTable[[#This Row],[DWH Infocast Jobname]],'Infocast Autosys Job status'!B:B,'Infocast Autosys Job status'!F:F,"",0),"")) | P12: =ReloadStatusTable[[#This Row],[DWH Infocast File Actual Delivery Time (MT)]] + 1/24 -> #VALUE!
A13: DEN | B13: HOUSE | C13: HSL | D13: =_xlfn.TEXTJOIN("",TRUE, "VIP",ReloadStatusTable[[#This Row],[Abbreviation]],"T") -> VIPHSLT | E13: HSL_LOB | F13: 44238.917 | G13: =ReloadStatusTable[[#This Row],[Forecasted Reload Completion Time (MT)]]+1/24 -> 44238.958 | H13: =IF(ReloadStatusTable[[#This Row],[Actual Completion time (MT)]]="","not done yet","Complete") -> not done yet | I13: =_xlfn.XLOOKUP(CONCATENATE(ReloadStatusTable[[#This Row],[Table]],TEXT(Process_Date,"yyyy-mm-dd")),'Daily_Completion Status'!F:F,'Daily_Completion Status'!H:H,"",0) | J13: =ReloadStatusTable[[#This Row],[Actual Completion time (MT)]]+1/24 -> #VALUE! | K13: =_xlfn.TEXTJOIN("",TRUE, "VAN-INFOCAST-NDW-",ReloadStatusTable[[#This Row],[MSO]],"-",IF(ReloadStatusTable[[#This Row],[Abbreviation]]="HSB","HSE",IF(ReloadStatusTable[[#This Row],[Abbreviation]]="OJB","JOB",ReloadStatusTable[[#This Row],[Abbreviation]])),"-DLY") -> VAN-INFOCAST-NDW-DEN-HSL-DLY | L13: ndwinfoc.infocastvntg.YYYY-MM-DD.HHMMSS.SSS.hsl_lob.dat.gz.pgp | M13: 44239.01 | N13: =IF(ReloadStatusTable[[#This Row],[DWH Infocast Jobname]]="N/A","N/A",IF(ReloadStatusTable[[#This Row],[DWH Infocast File Actual Delivery Time (MT)]]="","not delivered yet","Delivered")) -> not delivered yet | O13: =IF(ReloadStatusTable[[#This Row],[DWH Infocast Jobname]]="N/A","N/A",IF(AND(_xlfn.XLOOKUP(ReloadStatusTable[[#This Row],[DWH Infocast Jobname]],'Infocast Autosys Job status'!B:B,'Infocast Autosys Job status'!F:F,"",0)>($C$1 + (18/24)),_xlfn.XLOOKUP(ReloadStatusTable[[#This Row],[DWH Infocast Jobname]],'Infocast Autosys Job status'!B:B,'Infocast Autosys Job status'!F:F,"",0)<($C$1 + 1 + (18/24))),_xlfn.XLOOKUP(ReloadStatusTable[[#This Row],[DWH Infocast Jobname]],'Infocast Autosys Job status'!B:B,'Infocast Autosys Job status'!F:F,"",0),"")) | P13: =ReloadStatusTable[[#This Row],[DWH Infocast File Actual Delivery Time (MT)]] + 1/24 -> #VALUE!
A14: SLC | B14: HOUSE | C14: HSL | D14: =_xlfn.TEXTJOIN("",TRUE, "VIP",ReloadStatusTable[[#This Row],[Abbreviation]],"T") -> VIPHSLT | E14: HSL_LOB | F14: 44238.917 | G14: =ReloadStatusTable[[#This Row],[Forecasted Reload Completion Time (MT)]]+1/24 -> 44238.958 | H14: =IF(ReloadStatusTable[[#This Row],[Actual Completion time (MT)]]="","not done yet","Complete") -> not done yet | I14: =_xlfn.XLOOKUP(CONCATENATE(ReloadStatusTable[[#This Row],[Table]],TEXT(Process_Date,"yyyy-mm-dd")),'Daily_Completion Status'!F:F,'Daily_Completion Status'!H:H,"",0) | J14: =ReloadStatusTable[[#This Row],[Actual Completion time (MT)]]+1/24 -> #VALUE! | K14: =_xlfn.TEXTJOIN("",TRUE, "VAN-INFOCAST-NDW-",ReloadStatusTable[[#This Row],[MSO]],"-",IF(ReloadStatusTable[[#This Row],[Abbreviation]]="HSB","HSE",IF(ReloadStatusTable[[#This Row],[Abbreviation]]="OJB","JOB",ReloadStatusTable[[#This Row],[Abbreviation]])),"-DLY") -> VAN-INFOCAST-NDW-SLC-HSL-DLY | L14: ndwinfoc.infocastvntg.YYYY-MM-DD.HHMMSS.SSS.hsl_lob.dat.gz.pgp | M14: 44239.01 | N14: =IF(ReloadStatusTable[[#This Row],[DWH Infocast Jobname]]="N/A","N/A",IF(ReloadStatusTable[[#This Row],[DWH Infocast File Actual Delivery Time (MT)]]="","not delivered yet","Delivered")) -> not delivered yet | O14: =IF(ReloadStatusTable[[#This Row],[DWH Infocast Jobname]]="N/A","N/A",IF(AND(_xlfn.XLOOKUP(ReloadStatusTable[[#This Row],[DWH Infocast Jobname]],'Infocast Autosys Job status'!B:B,'Infocast Autosys Job status'!F:F,"",0)>($C$1 + (18/24)),_xlfn.XLOOKUP(ReloadStatusTable[[#This Row],[DWH Infocast Jobname]],'Infocast Autosys Job status'!B:B,'Infocast Autosys Job status'!F:F,"",0)<($C$1 + 1 + (18/24))),_xlfn.XLOOKUP(ReloadStatusTable[[#This Row],[DWH Infocast Jobname]],'Infocast Autosys Job status'!B:B,'Infocast Autosys Job status'!F:F,"",0),"")) | P14: =ReloadStatusTable[[#This Row],[DWH Infocast File Actual Delivery Time (MT)]] + 1/24 -> #VALUE!
A15: WOM | B15: HOUSE | C15: HSL | D15: =_xlfn.TEXTJOIN("",TRUE, "VIP",ReloadStatusTable[[#This Row],[Abbreviation]],"T") -> VIPHSLT | E15: HSL_LOB | F15: 44238.917 | G15: =ReloadStatusTable[[#This Row],[Forecasted Reload Completion Time (MT)]]+1/24 -> 44238.958 | H15: =IF(ReloadStatusTable[[#This Row],[Actual Completion time (MT)]]="","not done yet","Complete") -> not done yet | I15: =_xlfn.XLOOKUP(CONCATENATE(ReloadStatusTable[[#This Row],[Table]],TEXT(Process_Date,"yyyy-mm-dd")),'Daily_Completion Status'!F:F,'Daily_Completion Status'!H:H,"",0) | J15: =ReloadStatusTable[[#This Row],[Actual Completion time (MT)]]+1/24 -> #VALUE! | K15: =_xlfn.TEXTJOIN("",TRUE, "VAN-INFOCAST-NDW-",ReloadStatusTable[[#This Row],[MSO]],"-",IF(ReloadStatusTable[[#This Row],[Abbreviation]]="HSB","HSE",IF(ReloadStatusTable[[#This Row],[Abbreviation]]="OJB","JOB",ReloadStatusTable[[#This Row],[Abbreviation]])),"-DLY") -> VAN-INFOCAST-NDW-WOM-HSL-DLY | L15: ndwinfoc.infocastvntg.YYYY-MM-DD.HHMMSS.SSS.hsl_lob.dat.gz.pgp | M15: 44239.01 | N15: =IF(ReloadStatusTable[[#This Row],[DWH Infocast Jobname]]="N/A","N/A",IF(ReloadStatusTable[[#This Row],[DWH Infocast File Actual Delivery Time (MT)]]="","not delivered yet","Delivered")) -> not delivered yet | O15: =IF(ReloadStatusTable[[#This Row],[DWH Infocast Jobname]]="N/A","N/A",IF(AND(_xlfn.XLOOKUP(ReloadStatusTable[[#This Row],[DWH Infocast Jobname]],'Infocast Autosys Job status'!B:B,'Infocast Autosys Job status'!F:F,"",0)>($C$1 + (18/24)),_xlfn.XLOOKUP(ReloadStatusTable[[#This Row],[DWH Infocast Jobname]],'Infocast Autosys Job status'!B:B,'Infocast Autosys Job status'!F:F,"",0)<($C$1 + 1 + (18/24))),_xlfn.XLOOKUP(ReloadStatusTable[[#This Row],[DWH Infocast Jobname]],'Infocast Autosys Job status'!B:B,'Infocast Autosys Job status'!F:F,"",0),"")) | P15: =ReloadStatusTable[[#This Row],[DWH Infocast File Actual Delivery Time (MT)]] + 1/24 -> #VALUE!
A16: DEN | B16: HOUSE | C16: HSM | D16: =_xlfn.TEXTJOIN("",TRUE, "VIP",ReloadStatusTable[[#This Row],[Abbreviation]],"T") -> VIPHSMT | E16: HSM_MEMO | F16: 44238.917 | G16: =ReloadStatusTable[[#This Row],[Forecasted Reload Completion Time (MT)]]+1/24 -> 44238.958 | H16: =IF(ReloadStatusTable[[#This Row],[Actual Completion time (MT)]]="","not done yet","Complete") -> not done yet | I16: =_xlfn.XLOOKUP(CONCATENATE(ReloadStatusTable[[#This Row],[Table]],TEXT(Process_Date,"yyyy-mm-dd")),'Daily_Completion Status'!F:F,'Daily_Completion Status'!H:H,"",0) | J16: =ReloadStatusTable[[#This Row],[Actual Completion time (MT)]]+1/24 -> #VALUE! | K16: =_xlfn.TEXTJOIN("",TRUE, "VAN-INFOCAST-NDW-",ReloadStatusTable[[#This Row],[MSO]],"-",IF(ReloadStatusTable[[#This Row],[Abbreviation]]="HSB","HSE",IF(ReloadStatusTable[[#This Row],[Abbreviation]]="OJB","JOB",ReloadStatusTable[[#This Row],[Abbreviation]])),"-DLY") -> VAN-INFOCAST-NDW-DEN-HSM-DLY | L16: ndwinfoc.infocastvntg.YYYY-MM-DD.HHMMSS.SSS.hsm_memo.dat.gz.pgp | M16: 44239.01 | N16: =IF(ReloadStatusTable[[#This Row],[DWH Infocast Jobname]]="N/A","N/A",IF(ReloadStatusTable[[#This Row],[DWH Infocast File Actual Delivery Time (MT)]]="","not delivered yet","Delivered")) -> not delivered yet | O16: =IF(ReloadStatusTable[[#This Row],[DWH Infocast Jobname]]="N/A","N/A",IF(AND(_xlfn.XLOOKUP(ReloadStatusTable[[#This Row],[DWH Infocast Jobname]],'Infocast Autosys Job status'!B:B,'Infocast Autosys Job status'!F:F,"",0)>($C$1 + (18/24)),_xlfn.XLOOKUP(ReloadStatusTable[[#This Row],[DWH Infocast Jobname]],'Infocast Autosys Job status'!B:B,'Infocast Autosys Job status'!F:F,"",0)<($C$1 + 1 + (18/24))),_xlfn.XLOOKUP(ReloadStatusTable[[#This Row],[DWH Infocast Jobname]],'Infocast Autosys Job status'!B:B,'Infocast Autosys Job status'!F:F,"",0),"")) | P16: =ReloadStatusTable[[#This Row],[DWH Infocast File Actual Delivery Time (MT)]] + 1/24 -> #VALUE!
A17: SLC | B17: HOUSE | C17: HSM | D17: =_xlfn.TEXTJOIN("",TRUE, "VIP",ReloadStatusTable[[#This Row],[Abbreviation]],"T") -> VIPHSMT | E17: HSM_MEMO | F17: 44238.917 | G17: =ReloadStatusTable[[#This Row],[Forecasted Reload Completion Time (MT)]]+1/24 -> 44238.958 | H17: =IF(ReloadStatusTable[[#This Row],[Actual Completion time (MT)]]="","not done yet","Complete") -> not done yet | I17: =_xlfn.XLOOKUP(CONCATENATE(ReloadStatusTable[[#This Row],[Table]],TEXT(Process_Date,"yyyy-mm-dd")),'Daily_Completion Status'!F:F,'Daily_Completion Status'!H:H,"",0) | J17: =ReloadStatusTable[[#This Row],[Actual Completion time (MT)]]+1/24 -> #VALUE! | K17: =_xlfn.TEXTJOIN("",TRUE, "VAN-INFOCAST-NDW-",ReloadStatusTable[[#This Row],[MSO]],"-",IF(ReloadStatusTable[[#This Row],[Abbreviation]]="HSB","HSE",IF(ReloadStatusTable[[#This Row],[Abbreviation]]="OJB","JOB",ReloadStatusTable[[#This Row],[Abbreviation]])),"-DLY") -> VAN-INFOCAST-NDW-SLC-HSM-DLY | L17: ndwinfoc.infocastvntg.YYYY-MM-DD.HHMMSS.SSS.hsm_memo.dat.gz.pgp | M17: 44239.01 | N17: =IF(ReloadStatusTable[[#This Row],[DWH Infocast Jobname]]="N/A","N/A",IF(ReloadStatusTable[[#This Row],[DWH Infocast File Actual Delivery Time (MT)]]="","not delivered yet","Delivered")) -> not delivered yet | O17: =IF(ReloadStatusTable[[#This Row],[DWH Infocast Jobname]]="N/A","N/A",IF(AND(_xlfn.XLOOKUP(ReloadStatusTable[[#This Row],[DWH Infocast Jobname]],'Infocast Autosys Job status'!B:B,'Infocast Autosys Job status'!F:F,"",0)>($C$1 + (18/24)),_xlfn.XLOOKUP(ReloadStatusTable[[#This Row],[DWH Infocast Jobname]],'Infocast Autosys Job status'!B:B,'Infocast Autosys Job status'!F:F,"",0)<($C$1 + 1 + (18/24))),_xlfn.XLOOKUP(ReloadStatusTable[[#This Row],[DWH Infocast Jobname]],'Infocast Autosys Job status'!B:B,'Infocast Autosys Job status'!F:F,"",0),"")) | P17: =ReloadStatusTable[[#This Row],[DWH Infocast File Actual Delivery Time (MT)]] + 1/24 -> #VALUE!
A18: WOM | B18: HOUSE | C18: HSM | D18: =_xlfn.TEXTJOIN("",TRUE, "VIP",ReloadStatusTable[[#This Row],[Abbreviation]],"T") -> VIPHSMT | E18: HSM_MEMO | F18: 44238.917 | G18: =ReloadStatusTable[[#This Row],[Forecasted Reload Completion Time (MT)]]+1/24 -> 44238.958 | H18: =IF(ReloadStatusTable[[#This Row],[Actual Completion time (MT)]]="","not done yet","Complete") -> not done yet | I18: =_xlfn.XLOOKUP(CONCATENATE(ReloadStatusTable[[#This Row],[Table]],TEXT(Process_Date,"yyyy-mm-dd")),'Daily_Completion Status'!F:F,'Daily_Completion Status'!H:H,"",0) | J18: =ReloadStatusTable[[#This Row],[Actual Completion time (MT)]]+1/24 -> #VALUE! | K18: =_xlfn.TEXTJOIN("",TRUE, "VAN-INFOCAST-NDW-",ReloadStatusTable[[#This Row],[MSO]],"-",IF(ReloadStatusTable[[#This Row],[Abbreviation]]="HSB","HSE",IF(ReloadStatusTable[[#This Row],[Abbreviation]]="OJB","JOB",ReloadStatusTable[[#This Row],[Abbreviation]])),"-DLY") -> VAN-INFOCAST-NDW-WOM-HSM-DLY | L18: ndwinfoc.infocastvntg.YYYY-MM-DD.HHMMSS.SSS.hsm_memo.dat.gz.pgp | M18: 44239.01 | N18: =IF(ReloadStatusTable[[#This Row],[DWH Infocast Jobname]]="N/A","N/A",IF(ReloadStatusTable[[#This Row],[DWH Infocast File Actual Delivery Time (MT)]]="","not delivered yet","Delivered")) -> not delivered yet | O18: =IF(ReloadStatusTable[[#This Row],[DWH Infocast Jobname]]="N/A","N/A",IF(AND(_xlfn.XLOOKUP(ReloadStatusTable[[#This Row],[DWH Infocast Jobname]],'Infocast Autosys Job status'!B:B,'Infocast Autosys Job status'!F:F,"",0)>($C$1 + (18/24)),_xlfn.XLOOKUP(ReloadStatusTable[[#This Row],[DWH Infocast Jobname]],'Infocast Autosys Job status'!B:B,'Infocast Autosys Job status'!F:F,"",0)<($C$1 + 1 + (18/24))),_xlfn.XLOOKUP(ReloadStatusTable[[#This Row],[DWH Infocast Jobname]],'Infocast Autosys Job status'!B:B,'Infocast Autosys Job status'!F:F,"",0),"")) | P18: =ReloadStatusTable[[#This Row],[DWH Infocast File Actual Delivery Time (MT)]] + 1/24 -> #VALUE!
A19: DEN | B19: PPV EVENT PURCHASE DETAIL | C19: EPD | D19: =_xlfn.TEXTJOIN("",TRUE, "VIP",ReloadStatusTable[[#This Row],[Abbreviation]],"T") -> VIPEPDT | E19: EPD_EVENT_PURCH_DETAIL | F19: 44238.896 | G19: =ReloadStatusTable[[#This Row],[Forecasted Reload Completion Time (MT)]]+1/24 -> 44238.938 | H19: =IF(ReloadStatusTable[[#This Row],[Actual Completion time (MT)]]="","not done yet","Complete") -> not done yet | I19: =_xlfn.XLOOKUP(CONCATENATE(ReloadStatusTable[[#This Row],[Table]],TEXT(Process_Date,"yyyy-mm-dd")),'Daily_Completion Status'!F:F,'Daily_Completion Status'!H:H,"",0) | J19: =ReloadStatusTable[[#This Row],[Actual Completion time (MT)]]+1/24 -> #VALUE! | K19: =_xlfn.TEXTJOIN("",TRUE, "VAN-INFOCAST-NDW-",ReloadStatusTable[[#This Row],[MSO]],"-",IF(ReloadStatusTable[[#This Row],[Abbreviation]]="HSB","HSE",IF(ReloadStatusTable[[#This Row],[Abbreviation]]="OJB","JOB",ReloadStatusTable[[#This Row],[Abbreviation]])),"-DLY") -> VAN-INFOCAST-NDW-DEN-EPD-DLY | L19: N/A | M19: N/A | N19: =IF(ReloadStatusTable[[#This Row],[DWH Infocast Jobname]]="N/A","N/A",IF(ReloadStatusTable[[#This Row],[DWH Infocast File Actual Delivery Time (MT)]]="","not delivered yet","Delivered")) -> not delivered yet | O19: =IF(ReloadStatusTable[[#This Row],[DWH Infocast Jobname]]="N/A","N/A",IF(AND(_xlfn.XLOOKUP(ReloadStatusTable[[#This Row],[DWH Infocast Jobname]],'Infocast Autosys Job status'!B:B,'Infocast Autosys Job status'!F:F,"",0)>($C$1 + (18/24)),_xlfn.XLOOKUP(ReloadStatusTable[[#This Row],[DWH Infocast Jobname]],'Infocast Autosys Job status'!B:B,'Infocast Autosys Job status'!F:F,"",0)<($C$1 + 1 + (18/24))),_xlfn.XLOOKUP(ReloadStatusTable[[#This Row],[DWH Infocast Jobname]],'Infocast Autosys Job status'!B:B,'Infocast Autosys Job status'!F:F,"",0),"")) | P19: =ReloadStatusTable[[#This Row],[DWH Infocast File Actual Delivery Time (MT)]] + 1/24 -> #VALUE!
A20: SLC | B20: PPV EVENT PURCHASE DETAIL | C20: EPD | D20: =_xlfn.TEXTJOIN("",TRUE, "VIP",ReloadStatusTable[[#This Row],[Abbreviation]],"T") -> VIPEPDT | E20: EPD_EVENT_PURCH_DETAIL | F20: 44238.896 | G20: =ReloadStatusTable[[#This Row],[Forecasted Reload Completion Time (MT)]]+1/24 -> 44238.938 | H20: =IF(ReloadStatusTable[[#This Row],[Actual Completion time (MT)]]="","not done yet","Complete") -> not done yet | I20: =_xlfn.XLOOKUP(CONCATENATE(ReloadStatusTable[[#This Row],[Table]],TEXT(Process_Date,"yyyy-mm-dd")),'Daily_Completion Status'!F:F,'Daily_Completion Status'!H:H,"",0) | J20: =ReloadStatusTable[[#This Row],[Actual Completion time (MT)]]+1/24 -> #VALUE! | K20: =_xlfn.TEXTJOIN("",TRUE, "VAN-INFOCAST-NDW-",ReloadStatusTable[[#This Row],[MSO]],"-",IF(ReloadStatusTable[[#This Row],[Abbreviation]]="HSB","HSE",IF(ReloadStatusTable[[#This Row],[Abbreviation]]="OJB","JOB",ReloadStatusTable[[#This Row],[Abbreviation]])),"-DLY") -> VAN-INFOCAST-NDW-SLC-EPD-DLY | L20: N/A | M20: N/A | N20: =IF(ReloadStatusTable[[#This Row],[DWH Infocast Jobname]]="N/A","N/A",IF(ReloadStatusTable[[#This Row],[DWH Infocast File Actual Delivery Time (MT)]]="","not delivered yet","Delivered")) -> not delivered yet | O20: =IF(ReloadStatusTable[[#This Row],[DWH Infocast Jobname]]="N/A","N/A",IF(AND(_xlfn.XLOOKUP(ReloadStatusTable[[#This Row],[DWH Infocast Jobname]],'Infocast Autosys Job status'!B:B,'Infocast Autosys Job status'!F:F,"",0)>($C$1 + (18/24)),_xlfn.XLOOKUP(ReloadStatusTable[[#This Row],[DWH Infocast Jobname]],'Infocast Autosys Job status'!B:B,'Infocast Autosys Job status'!F:F,"",0)<($C$1 + 1 + (18/24))),_xlfn.XLOOKUP(ReloadStatusTable[[#This Row],[DWH Infocast Jobname]],'Infocast Autosys Job status'!B:B,'Infocast Autosys Job status'!F:F,"",0),"")) | P20: =ReloadStatusTable[[#This Row],[DWH Infocast File Actual Delivery Time (MT)]] + 1/24 -> #VALUE!
A21: WOM | B21: PPV EVENT PURCHASE DETAIL | C21: EPD | D21: =_xlfn.TEXTJOIN("",TRUE, "VIP",ReloadStatusTable[[#This Row],[Abbreviation]],"T") -> VIPEPDT | E21: EPD_EVENT_PURCH_DETAIL | F21: 44238.896 | G21: =ReloadStatusTable[[#This Row],[Forecasted Reload Completion Time (MT)]]+1/24 -> 44238.938 | H21: =IF(ReloadStatusTable[[#This Row],[Actual Completion time (MT)]]="","not done yet","Complete") -> not done yet | I21: =_xlfn.XLOOKUP(CONCATENATE(ReloadStatusTable[[#This Row],[Table]],TEXT(Process_Date,"yyyy-mm-dd")),'Daily_Completion Status'!F:F,'Daily_Completion Status'!H:H,"",0) | J21: =ReloadStatusTable[[#This Row],[Actual Completion time (MT)]]+1/24 -> #VALUE! | K21: =_xlfn.TEXTJOIN("",TRUE, "VAN-INFOCAST-NDW-",ReloadStatusTable[[#This Row],[MSO]],"-",IF(ReloadStatusTable[[#This Row],[Abbreviation]]="HSB","HSE",IF(ReloadStatusTable[[#This Row],[Abbreviation]]="OJB","JOB",ReloadStatusTable[[#This Row],[Abbreviation]])),"-DLY") -> VAN-INFOCAST-NDW-WOM-EPD-DLY | L21: N/A | M21: N/A | N21: =IF(ReloadStatusTable[[#This Row],[DWH Infocast Jobname]]="N/A","N/A",IF(ReloadStatusTable[[#This Row],[DWH Infocast File Actual Delivery Time (MT)]]="","not delivered yet","Delivered")) -> not delivered yet | O21: =IF(ReloadStatusTable[[#This Row],[DWH Infocast Jobname]]="N/A","N/A",IF(AND(_xlfn.XLOOKUP(ReloadStatusTable[[#This Row],[DWH Infocast Jobname]],'Infocast Autosys Job status'!B:B,'Infocast Autosys Job status'!F:F,"",0)>($C$1 + (18/24)),_xlfn.XLOOKUP(ReloadStatusTable[[#This Row],[DWH Infocast Jobname]],'Infocast Autosys Job status'!B:B,'Infocast Autosys Job status'!F:F,"",0)<($C$1 + 1 + (18/24))),_xlfn.XLOOKUP(ReloadStatusTable[[#This Row],[DWH Infocast Jobname]],'Infocast Autosys Job status'!B:B,'Infocast Autosys Job status'!F:F,"",0),"")) | P21: =ReloadStatusTable[[#This Row],[DWH Infocast File Actual Delivery Time (MT)]] + 1/24 -> #VALUE!
A22: DEN | B22: ACP ORDER/JOB AUDIT | C22: OAJ | D22: =_xlfn.TEXTJOIN("",TRUE, "VIP",ReloadStatusTable[[#This Row],[Abbreviation]],"T") -> VIPOAJT | E22: OAJ_AUDIT | F22: 44238.896 | G22: =ReloadStatusTable[[#This Row],[Forecasted Reload Completion Time (MT)]]+1/24 -> 44238.938 | H22: =IF(ReloadStatusTable[[#This Row],[Actual Completion time (MT)]]="","not done yet","Complete") -> not done yet | I22: =_xlfn.XLOOKUP(CONCATENATE(ReloadStatusTable[[#This Row],[Table]],TEXT(Process_Date,"yyyy-mm-dd")),'Daily_Completion Status'!F:F,'Daily_Completion Status'!H:H,"",0) | J22: =ReloadStatusTable[[#This Row],[Actual Completion time (MT)]]+1/24 -> #VALUE! | K22: =_xlfn.TEXTJOIN("",TRUE, "VAN-INFOCAST-NDW-",ReloadStatusTable[[#This Row],[MSO]],"-",IF(ReloadStatusTable[[#This Row],[Abbreviation]]="HSB","HSE",IF(ReloadStatusTable[[#This Row],[Abbreviation]]="OJB","JOB",ReloadStatusTable[[#This Row],[Abbreviation]])),"-DLY") -> VAN-INFOCAST-NDW-DEN-OAJ-DLY | L22: N/A | M22: N/A | N22: =IF(ReloadStatusTable[[#This Row],[DWH Infocast Jobname]]="N/A","N/A",IF(ReloadStatusTable[[#This Row],[DWH Infocast File Actual Delivery Time (MT)]]="","not delivered yet","Delivered")) -> not delivered yet | O22: =IF(ReloadStatusTable[[#This Row],[DWH Infocast Jobname]]="N/A","N/A",IF(AND(_xlfn.XLOOKUP(ReloadStatusTable[[#This Row],[DWH Infocast Jobname]],'Infocast Autosys Job status'!B:B,'Infocast Autosys Job status'!F:F,"",0)>($C$1 + (18/24)),_xlfn.XLOOKUP(ReloadStatusTable[[#This Row],[DWH Infocast Jobname]],'Infocast Autosys Job status'!B:B,'Infocast Autosys Job status'!F:F,"",0)<($C$1 + 1 + (18/24))),_xlfn.XLOOKUP(ReloadStatusTable[[#This Row],[DWH Infocast Jobname]],'Infocast Autosys Job status'!B:B,'Infocast Autosys Job status'!F:F,"",0),"")) | P22: =ReloadStatusTable[[#This Row],[DWH Infocast File Actual Delivery Time (MT)]] + 1/24 -> #VALUE!
A23: SLC | B23: ACP ORDER/JOB AUDIT | C23: OAJ | D23: =_xlfn.TEXTJOIN("",TRUE, "VIP",ReloadStatusTable[[#This Row],[Abbreviation]],"T") -> VIPOAJT | E23: OAJ_AUDIT | F23: 44238.896 | G23: =ReloadStatusTable[[#This Row],[Forecasted Reload Completion Time (MT)]]+1/24 -> 44238.938 | H23: =IF(ReloadStatusTable[[#This Row],[Actual Completion time (MT)]]="","not done yet","Complete") -> not done yet | I23: =_xlfn.XLOOKUP(CONCATENATE(ReloadStatusTable[[#This Row],[Table]],TEXT(Process_Date,"yyyy-mm-dd")),'Daily_Completion Status'!F:F,'Daily_Completion Status'!H:H,"",0) | J23: =ReloadStatusTable[[#This Row],[Actual Completion time (MT)]]+1/24 -> #VALUE! | K23: =_xlfn.TEXTJOIN("",TRUE, "VAN-INFOCAST-NDW-",ReloadStatusTable[[#This Row],[MSO]],"-",IF(ReloadStatusTable[[#This Row],[Abbreviation]]="HSB","HSE",IF(ReloadStatusTable[[#This Row],[Abbreviation]]="OJB","JOB",ReloadStatusTable[[#This Row],[Abbreviation]])),"-DLY") -> VAN-INFOCAST-NDW-SLC-OAJ-DLY | L23: N/A | M23: N/A | N23: =IF(ReloadStatusTable[[#This Row],[DWH Infocast Jobname]]="N/A","N/A",IF(ReloadStatusTable[[#This Row],[DWH Infocast File Actual Delivery Time (MT)]]="","not delivered yet","Delivered")) -> not delivered yet | O23: =IF(ReloadStatusTable[[#This Row],[DWH Infocast Jobname]]="N/A","N/A",IF(AND(_xlfn.XLOOKUP(ReloadStatusTable[[#This Row],[DWH Infocast Jobname]],'Infocast Autosys Job status'!B:B,'Infocast Autosys Job status'!F:F,"",0)>($C$1 + (18/24)),_xlfn.XLOOKUP(ReloadStatusTable[[#This Row],[DWH Infocast Jobname]],'Infocast Autosys Job status'!B:B,'Infocast Autosys Job status'!F:F,"",0)<($C$1 + 1 + (18/24))),_xlfn.XLOOKUP(ReloadStatusTable[[#This Row],[DWH Infocast Jobname]],'Infocast Autosys Job status'!B:B,'Infocast Autosys Job status'!F:F,"",0),"")) | P23: =ReloadStatusTable[[#This Row],[DWH Infocast File Actual Delivery Time (MT)]] + 1/24 -> #VALUE!
A24: WOM | B24: ACP ORDER/JOB AUDIT | C24: OAJ | D24: =_xlfn.TEXTJOIN("",TRUE, "VIP",ReloadStatusTable[[#This Row],[Abbreviation]],"T") -> VIPOAJT | E24: OAJ_AUDIT | F24: 44238.896 | G24: =ReloadStatusTable[[#This Row],[Forecasted Reload Completion Time (MT)]]+1/24 -> 44238.938 | H24: =IF(ReloadStatusTable[[#This Row],[Actual Completion time (MT)]]="","not done yet","Complete") -> not done yet | I24: =_xlfn.XLOOKUP(CONCATENATE(ReloadStatusTable[[#This Row],[Table]],TEXT(Process_Date,"yyyy-mm-dd")),'Daily_Completion Status'!F:F,'Daily_Completion Status'!H:H,"",0) | J24: =ReloadStatusTable[[#This Row],[Actual Completion time (MT)]]+1/24 -> #VALUE! | K24: =_xlfn.TEXTJOIN("",TRUE, "VAN-INFOCAST-NDW-",ReloadStatusTable[[#This Row],[MSO]],"-",IF(ReloadStatusTable[[#This Row],[Abbreviation]]="HSB","HSE",IF(ReloadStatusTable[[#This Row],[Abbreviation]]="OJB","JOB",ReloadStatusTable[[#This Row],[Abbreviation]])),"-DLY") -> VAN-INFOCAST-NDW-WOM-OAJ-DLY | L24: N/A | M24: N/A | N24: =IF(ReloadStatusTable[[#This Row],[DWH Infocast Jobname]]="N/A","N/A",IF(ReloadStatusTable[[#This Row],[DWH Infocast File Actual Delivery Time (MT)]]="","not delivered yet","Delivered")) -> not delivered yet | O24: =IF(ReloadStatusTable[[#This Row],[DWH Infocast Jobname]]="N/A","N/A",IF(AND(_xlfn.XLOOKUP(ReloadStatusTable[[#This Row],[DWH Infocast Jobname]],'Infocast Autosys Job status'!B:B,'Infocast Autosys Job status'!F:F,"",0)>($C$1 + (18/24)),_xlfn.XLOOKUP(ReloadStatusTable[[#This Row],[DWH Infocast Jobname]],'Infocast Autosys Job status'!B:B,'Infocast Autosys Job status'!F:F,"",0)<($C$1 + 1 + (18/24))),_xlfn.XLOOKUP(ReloadStatusTable[[#This Row],[DWH Infocast Jobname]],'Infocast Autosys Job status'!B:B,'Infocast Autosys Job status'!F:F,"",0),"")) | P24: =ReloadStatusTable[[#This Row],[DWH Infocast File Actual Delivery Time (MT)]] + 1/24 -> #VALUE!
A25: DEN | B25: ACP ORDER/JOB AUDIT | C25: OAO | D25: =_xlfn.TEXTJOIN("",TRUE, "VIP",ReloadStatusTable[[#This Row],[Abbreviation]],"T") -> VIPOAOT | E25: OAO_AUDIT | F25: 44238.896 | G25: =ReloadStatusTable[[#This Row],[Forecasted Reload Completion Time (MT)]]+1/24 -> 44238.938 | H25: =IF(ReloadStatusTable[[#This Row],[Actual Completion time (MT)]]="","not done yet","Complete") -> not done yet | I25: =_xlfn.XLOOKUP(CONCATENATE(ReloadStatusTable[[#This Row],[Table]],TEXT(Process_Date,"yyyy-mm-dd")),'Daily_Completion Status'!F:F,'Daily_Completion Status'!H:H,"",0) | J25: =ReloadStatusTable[[#This Row],[Actual Completion time (MT)]]+1/24 -> #VALUE! | K25: =_xlfn.TEXTJOIN("",TRUE, "VAN-INFOCAST-NDW-",ReloadStatusTable[[#This Row],[MSO]],"-",IF(ReloadStatusTable[[#This Row],[Abbreviation]]="HSB","HSE",IF(ReloadStatusTable[[#This Row],[Abbreviation]]="OJB","JOB",ReloadStatusTable[[#This Row],[Abbreviation]])),"-DLY") -> VAN-INFOCAST-NDW-DEN-OAO-DLY | L25: N/A | M25: N/A | N25: =IF(ReloadStatusTable[[#This Row],[DWH Infocast Jobname]]="N/A","N/A",IF(ReloadStatusTable[[#This Row],[DWH Infocast File Actual Delivery Time (MT)]]="","not delivered yet","Delivered")) -> not delivered yet | O25: =IF(ReloadStatusTable[[#This Row],[DWH Infocast Jobname]]="N/A","N/A",IF(AND(_xlfn.XLOOKUP(ReloadStatusTable[[#This Row],[DWH Infocast Jobname]],'Infocast Autosys Job status'!B:B,'Infocast Autosys Job status'!F:F,"",0)>($C$1 + (18/24)),_xlfn.XLOOKUP(ReloadStatusTable[[#This Row],[DWH Infocast Jobname]],'Infocast Autosys Job status'!B:B,'Infocast Autosys Job status'!F:F,"",0)<($C$1 + 1 + (18/24))),_xlfn.XLOOKUP(ReloadStatusTable[[#This Row],[DWH Infocast Jobname]],'Infocast Autosys Job status'!B:B,'Infocast Autosys Job status'!F:F,"",0),"")) | P25: =ReloadStatusTable[[#This Row],[DWH Infocast File Actual Delivery Time (MT)]] + 1/24 -> #VALUE!
A26: SLC | B26: ACP ORDER/JOB AUDIT | C26: OAO | D26: =_xlfn.TEXTJOIN("",TRUE, "VIP",ReloadStatusTable[[#This Row],[Abbreviation]],"T") -> VIPOAOT | E26: OAO_AUDIT | F26: 44238.896 | G26: =ReloadStatusTable[[#This Row],[Forecasted Reload Completion Time (MT)]]+1/24 -> 44238.938 | H26: =IF(ReloadStatusTable[[#This Row],[Actual Completion time (MT)]]="","not done yet","Complete") -> not done yet | I26: =_xlfn.XLOOKUP(CONCATENATE(ReloadStatusTable[[#This Row],[Table]],TEXT(Process_Date,"yyyy-mm-dd")),'Daily_Completion Status'!F:F,'Daily_Completion Status'!H:H,"",0) | J26: =ReloadStatusTable[[#This Row],[Actual Completion time (MT)]]+1/24 -> #VALUE! | K26: =_xlfn.TEXTJOIN("",TRUE, "VAN-INFOCAST-NDW-",ReloadStatusTable[[#This Row],[MSO]],"-",IF(ReloadStatusTable[[#This Row],[Abbreviation]]="HSB","HSE",IF(ReloadStatusTable[[#This Row],[Abbreviation]]="OJB","JOB",ReloadStatusTable[[#This Row],[Abbreviation]])),"-DLY") -> VAN-INFOCAST-NDW-SLC-OAO-DLY | L26: N/A | M26: N/A | N26: =IF(ReloadStatusTable[[#This Row],[DWH Infocast Jobname]]="N/A","N/A",IF(ReloadStatusTable[[#This Row],[DWH Infocast File Actual Delivery Time (MT)]]="","not delivered yet","Delivered")) -> not delivered yet | O26: =IF(ReloadStatusTable[[#This Row],[DWH Infocast Jobname]]="N/A","N/A",IF(AND(_xlfn.XLOOKUP(ReloadStatusTable[[#This Row],[DWH Infocast Jobname]],'Infocast Autosys Job status'!B:B,'Infocast Autosys Job status'!F:F,"",0)>($C$1 + (18/24)),_xlfn.XLOOKUP(ReloadStatusTable[[#This Row],[DWH Infocast Jobname]],'Infocast Autosys Job status'!B:B,'Infocast Autosys Job status'!F:F,"",0)<($C$1 + 1 + (18/24))),_xlfn.XLOOKUP(ReloadStatusTable[[#This Row],[DWH Infocast Jobname]],'Infocast Autosys Job status'!B:B,'Infocast Autosys Job status'!F:F,"",0),"")) | P26: =ReloadStatusTable[[#This Row],[DWH Infocast File Actual Delivery Time (MT)]] + 1/24 -> #VALUE!
A27: WOM | B27: ACP ORDER/JOB AUDIT | C27: OAO | D27: =_xlfn.TEXTJOIN("",TRUE, "VIP",ReloadStatusTable[[#This Row],[Abbreviation]],"T") -> VIPOAOT | E27: OAO_AUDIT | F27: 44238.896 | G27: =ReloadStatusTable[[#This Row],[Forecasted Reload Completion Time (MT)]]+1/24 -> 44238.938 | H27: =IF(ReloadStatusTable[[#This Row],[Actual Completion time (MT)]]="","not done yet","Complete") -> not done yet | I27: =_xlfn.XLOOKUP(CONCATENATE(ReloadStatusTable[[#This Row],[Table]],TEXT(Process_Date,"yyyy-mm-dd")),'Daily_Completion Status'!F:F,'Daily_Completion Status'!H:H,"",0) | J27: =ReloadStatusTable[[#This Row],[Actual Completion time (MT)]]+1/24 -> #VALUE! | K27: =_xlfn.TEXTJOIN("",TRUE, "VAN-INFOCAST-NDW-",ReloadStatusTable[[#This Row],[MSO]],"-",IF(ReloadStatusTable[[#This Row],[Abbreviation]]="HSB","HSE",IF(ReloadStatusTable[[#This Row],[Abbreviation]]="OJB","JOB",ReloadStatusTable[[#This Row],[Abbreviation]])),"-DLY") -> VAN-INFOCAST-NDW-WOM-OAO-DLY | L27: N/A | M27: N/A | N27: =IF(ReloadStatusTable[[#This Row],[DWH Infocast Jobname]]="N/A","N/A",IF(ReloadStatusTable[[#This Row],[DWH Infocast File Actual Delivery Time (MT)]]="","not delivered yet","Delivered")) -> not delivered yet | O27: =IF(ReloadStatusTable[[#This Row],[DWH Infocast Jobname]]="N/A","N/A",IF(AND(_xlfn.XLOOKUP(ReloadStatusTable[[#This Row],[DWH Infocast Jobname]],'Infocast Autosys Job status'!B:B,'Infocast Autosys Job status'!F:F,"",0)>($C$1 + (18/24)),_xlfn.XLOOKUP(ReloadStatusTable[[#This Row],[DWH Infocast Jobname]],'Infocast Autosys Job status'!B:B,'Infocast Autosys Job status'!F:F,"",0)<($C$1 + 1 + (18/24))),_xlfn.XLOOKUP(ReloadStatusTable[[#This Row],[DWH Infocast Jobname]],'Infocast Autosys Job status'!B:B,'Infocast Autosys Job status'!F:F,"",0),"")) | P27: =ReloadStatusTable[[#This Row],[DWH Infocast File Actual Delivery Time (MT)]] + 1/24 -> #VALUE!
A28: DEN | B28: PPV EVENT | C28: EVB | D28: =_xlfn.TEXTJOIN("",TRUE, "VIP",ReloadStatusTable[[#This Row],[Abbreviation]],"T") -> VIPEVBT | E28: EVB_BASE | F28: 44238.896 | G28: =ReloadStatusTable[[#This Row],[Forecasted Reload Completion Time (MT)]]+1/24 -> 44238.938 | H28: =IF(ReloadStatusTable[[#This Row],[Actual Completion time (MT)]]="","not done yet","Complete") -> not done yet | I28: =_xlfn.XLOOKUP(CONCATENATE(ReloadStatusTable[[#This Row],[Table]],TEXT(Process_Date,"yyyy-mm-dd")),'Daily_Completion Status'!F:F,'Daily_Completion Status'!H:H,"",0) | J28: =ReloadStatusTable[[#This Row],[Actual Completion time (MT)]]+1/24 -> #VALUE! | K28: =_xlfn.TEXTJOIN("",TRUE, "VAN-INFOCAST-NDW-",ReloadStatusTable[[#This Row],[MSO]],"-",IF(ReloadStatusTable[[#This Row],[Abbreviation]]="HSB","HSE",IF(ReloadStatusTable[[#This Row],[Abbreviation]]="OJB","JOB",ReloadStatusTable[[#This Row],[Abbreviation]])),"-DLY") -> VAN-INFOCAST-NDW-DEN-EVB-DLY | L28: N/A | M28: N/A | N28: =IF(ReloadStatusTable[[#This Row],[DWH Infocast Jobname]]="N/A","N/A",IF(ReloadStatusTable[[#This Row],[DWH Infocast File Actual Delivery Time (MT)]]="","not delivered yet","Delivered")) -> not delivered yet | O28: =IF(ReloadStatusTable[[#This Row],[DWH Infocast Jobname]]="N/A","N/A",IF(AND(_xlfn.XLOOKUP(ReloadStatusTable[[#This Row],[DWH Infocast Jobname]],'Infocast Autosys Job status'!B:B,'Infocast Autosys Job status'!F:F,"",0)>($C$1 + (18/24)),_xlfn.XLOOKUP(ReloadStatusTable[[#This Row],[DWH Infocast Jobname]],'Infocast Autosys Job status'!B:B,'Infocast Autosys Job status'!F:F,"",0)<($C$1 + 1 + (18/24))),_xlfn.XLOOKUP(ReloadStatusTable[[#This Row],[DWH Infocast Jobname]],'Infocast Autosys Job status'!B:B,'Infocast Autosys Job status'!F:F,"",0),"")) | P28: =ReloadStatusTable[[#This Row],[DWH Infocast File Actual Delivery Time (MT)]] + 1/24 -> #VALUE!
A29: SLC | B29: PPV EVENT | C29: EVB | D29: =_xlfn.TEXTJOIN("",TRUE, "VIP",ReloadStatusTable[[#This Row],[Abbreviation]],"T") -> VIPEVBT | E29: EVB_BASE | F29: 44238.896 | G29: =ReloadStatusTable[[#This Row],[Forecasted Reload Completion Time (MT)]]+1/24 -> 44238.938 | H29: =IF(ReloadStatusTable[[#This Row],[Actual Completion time (MT)]]="","not done yet","Complete") -> not done yet | I29: =_xlfn.XLOOKUP(CONCATENATE(ReloadStatusTable[[#This Row],[Table]],TEXT(Process_Date,"yyyy-mm-dd")),'Daily_Completion Status'!F:F,'Daily_Completion Status'!H:H,"",0) | J29: =ReloadStatusTable[[#This Row],[Actual Completion time (MT)]]+1/24 -> #VALUE! | K29: =_xlfn.TEXTJOIN("",TRUE, "VAN-INFOCAST-NDW-",ReloadStatusTable[[#This Row],[MSO]],"-",IF(ReloadStatusTable[[#This Row],[Abbreviation]]="HSB","HSE",IF(ReloadStatusTable[[#This Row],[Abbreviation]]="OJB","JOB",ReloadStatusTable[[#This Row],[Abbreviation]])),"-DLY") -> VAN-INFOCAST-NDW-SLC-EVB-DLY | L29: N/A | M29: N/A | N29: =IF(ReloadStatusTable[[#This Row],[DWH Infocast Jobname]]="N/A","N/A",IF(ReloadStatusTable[[#This Row],[DWH Infocast File Actual Delivery Time (MT)]]="","not delivered yet","Delivered")) -> not delivered yet | O29: =IF(ReloadStatusTable[[#This Row],[DWH Infocast Jobname]]="N/A","N/A",IF(AND(_xlfn.XLOOKUP(ReloadStatusTable[[#This Row],[DWH Infocast Jobname]],'Infocast Autosys Job status'!B:B,'Infocast Autosys Job status'!F:F,"",0)>($C$1 + (18/24)),_xlfn.XLOOKUP(ReloadStatusTable[[#This Row],[DWH Infocast Jobname]],'Infocast Autosys Job status'!B:B,'Infocast Autosys Job status'!F:F,"",0)<($C$1 + 1 + (18/24))),_xlfn.XLOOKUP(ReloadStatusTable[[#This Row],[DWH Infocast Jobname]],'Infocast Autosys Job status'!B:B,'Infocast Autosys Job status'!F:F,"",0),"")) | P29: =ReloadStatusTable[[#This Row],[DWH Infocast File Actual Delivery Time (MT)]] + 1/24 -> #VALUE!
A30: WOM | B30: PPV EVENT | C30: EVB | D30: =_xlfn.TEXTJOIN("",TRUE, "VIP",ReloadStatusTable[[#This Row],[Abbreviation]],"T") -> VIPEVBT | E30: EVB_BASE | F30: 44238.896 | G30: =ReloadStatusTable[[#This Row],[Forecasted Reload Completion Time (MT)]]+1/24 -> 44238.938 | H30: =IF(ReloadStatusTable[[#This Row],[Actual Completion time (MT)]]="","not done yet","Complete") -> not done yet | I30: =_xlfn.XLOOKUP(CONCATENATE(ReloadStatusTable[[#This Row],[Table]],TEXT(Process_Date,"yyyy-mm-dd")),'Daily_Completion Status'!F:F,'Daily_Completion Status'!H:H,"",0) | J30: =ReloadStatusTable[[#This Row],[Actual Completion time (MT)]]+1/24 -> #VALUE! | K30: =_xlfn.TEXTJOIN("",TRUE, "VAN-INFOCAST-NDW-",ReloadStatusTable[[#This Row],[MSO]],"-",IF(ReloadStatusTable[[#This Row],[Abbreviation]]="HSB","HSE",IF(ReloadStatusTable[[#This Row],[Abbreviation]]="OJB","JOB",ReloadStatusTable[[#This Row],[Abbreviation]])),"-DLY") -> VAN-INFOCAST-NDW-WOM-EVB-DLY | L30: N/A | M30: N/A | N30: =IF(ReloadStatusTable[[#This Row],[DWH Infocast Jobname]]="N/A","N/A",IF(ReloadStatusTable[[#This Row],[DWH Infocast File Actual Delivery Time (MT)]]="","not delivered yet","Delivered")) -> not delivered yet | O30: =IF(ReloadStatusTable[[#This Row],[DWH Infocast Jobname]]="N/A","N/A",IF(AND(_xlfn.XLOOKUP(ReloadStatusTable[[#This Row],[DWH Infocast Jobname]],'Infocast Autosys Job status'!B:B,'Infocast Autosys Job status'!F:F,"",0)>($C$1 + (18/24)),_xlfn.XLOOKUP(ReloadStatusTable[[#This Row],[DWH Infocast Jobname]],'Infocast Autosys Job status'!B:B,'Infocast Autosys Job status'!F:F,"",0)<($C$1 + 1 + (18/24))),_xlfn.XLOOKUP(ReloadStatusTable[[#This Row],[DWH Infocast Jobname]],'Infocast Autosys Job status'!B:B,'Infocast Autosys Job status'!F:F,"",0),"")) | P30: =ReloadStatusTable[[#This Row],[DWH Infocast File Actual Delivery Time (MT)]] + 1/24 -> #VALUE!
... A39: WOM | B39: PPV EVENT | C39: EVS | D39: =_xlfn.TEXTJOIN("",TRUE, "VIP",ReloadStatusTable[[#This Row],[Abbreviation]],"T") -> VIPEVST | E39: EVS_SOURCE | F39: 44238.896 | G39: =ReloadStatusTable[[#This Row],[Forecasted Reload Completion Time (MT)]]+1/24 -> 44238.938 | H39: =IF(ReloadStatusTable[[#This Row],[Actual Completion time (MT)]]="","not done yet","Complete") -> not done yet | I39: =_xlfn.XLOOKUP(CONCATENATE(ReloadStatusTable[[#This Row],[Table]],TEXT(Process_Date,"yyyy-mm-dd")),'Daily_Completion Status'!F:F,'Daily_Completion Status'!H:H,"",0) | J39: =ReloadStatusTable[[#This Row],[Actual Completion time (MT)]]+1/24 -> #VALUE! | K39: =_xlfn.TEXTJOIN("",TRUE, "VAN-INFOCAST-NDW-",ReloadStatusTable[[#This Row],[MSO]],"-",IF(ReloadStatusTable[[#This Row],[Abbreviation]]="HSB","HSE",IF(ReloadStatusTable[[#This Row],[Abbreviation]]="OJB","JOB",ReloadStatusTable[[#This Row],[Abbreviation]])),"-DLY") -> VAN-INFOCAST-NDW-WOM-EVS-DLY | L39: N/A | M39: N/A | N39: =IF(ReloadStatusTable[[#This Row],[DWH Infocast Jobname]]="N/A","N/A",IF(ReloadStatusTable[[#This Row],[DWH Infocast File Actual Delivery Time (MT)]]="","not delivered yet","Delivered")) -> not delivered yet | O39: =IF(ReloadStatusTable[[#This Row],[DWH Infocast Jobname]]="N/A","N/A",IF(AND(_xlfn.XLOOKUP(ReloadStatusTable[[#This Row],[DWH Infocast Jobname]],'Infocast Autosys Job status'!B:B,'Infocast Autosys Job status'!F:F,"",0)>($C$1 + (18/24)),_xlfn.XLOOKUP(ReloadStatusTable[[#This Row],[DWH Infocast Jobname]],'Infocast Autosys Job status'!B:B,'Infocast Autosys Job status'!F:F,"",0)<($C$1 + 1 + (18/24))),_xlfn.XLOOKUP(ReloadStatusTable[[#This Row],[DWH Infocast Jobname]],'Infocast Autosys Job status'!B:B,'Infocast Autosys Job status'!F:F,"",0),"")) | P39: =ReloadStatusTable[[#This Row],[DWH Infocast File Actual Delivery Time (MT)]] + 1/24 -> #VALUE!
A40: DEN | B40: ACP JOB | C40: OJA | D40: =_xlfn.TEXTJOIN("",TRUE, "VIP",ReloadStatusTable[[#This Row],[Abbreviation]],"T") -> VIPOJAT | E40: OJA_JOBS_ALT_ADDR | F40: 44238.938 | G40: =ReloadStatusTable[[#This Row],[Forecasted Reload Completion Time (MT)]]+1/24 -> 44238.979 | H40: =IF(ReloadStatusTable[[#This Row],[Actual Completion time (MT)]]="","not done yet","Complete") -> not done yet | I40: =_xlfn.XLOOKUP(CONCATENATE(ReloadStatusTable[[#This Row],[Table]],TEXT(Process_Date,"yyyy-mm-dd")),'Daily_Completion Status'!F:F,'Daily_Completion Status'!H:H,"",0) | J40: =ReloadStatusTable[[#This Row],[Actual Completion time (MT)]]+1/24 -> #VALUE! | K40: =_xlfn.TEXTJOIN("",TRUE, "VAN-INFOCAST-NDW-",ReloadStatusTable[[#This Row],[MSO]],"-",IF(ReloadStatusTable[[#This Row],[Abbreviation]]="HSB","HSE",IF(ReloadStatusTable[[#This Row],[Abbreviation]]="OJB","JOB",ReloadStatusTable[[#This Row],[Abbreviation]])),"-DLY") -> VAN-INFOCAST-NDW-DEN-OJA-DLY | L40: ndwinfoc.infocastvntg.YYYY-MM-DD.HHMMSS.SSS.oja_jobs_alt_addr.dat.gz.pgp | M40: 44239.021 | N40: =IF(ReloadStatusTable[[#This Row],[DWH Infocast Jobname]]="N/A","N/A",IF(ReloadStatusTable[[#This Row],[DWH Infocast File Actual Delivery Time (MT)]]="","not delivered yet","Delivered")) -> not delivered yet | O40: =IF(ReloadStatusTable[[#This Row],[DWH Infocast Jobname]]="N/A","N/A",IF(AND(_xlfn.XLOOKUP(ReloadStatusTable[[#This Row],[DWH Infocast Jobname]],'Infocast Autosys Job status'!B:B,'Infocast Autosys Job status'!F:F,"",0)>($C$1 + (18/24)),_xlfn.XLOOKUP(ReloadStatusTable[[#This Row],[DWH Infocast Jobname]],'Infocast Autosys Job status'!B:B,'Infocast Autosys Job status'!F:F,"",0)<($C$1 + 1 + (18/24))),_xlfn.XLOOKUP(ReloadStatusTable[[#This Row],[DWH Infocast Jobname]],'Infocast Autosys Job status'!B:B,'Infocast Autosys Job status'!F:F,"",0),"")) | P40: =ReloadStatusTable[[#This Row],[DWH Infocast File Actual Delivery Time (MT)]] + 1/24 -> #VALUE! | S40: 400 | T40: 7900
A41: SLC | B41: ACP JOB | C41: OJA | D41: =_xlfn.TEXTJOIN("",TRUE, "VIP",ReloadStatusTable[[#This Row],[Abbreviation]],"T") -> VIPOJAT | E41: OJA_JOBS_ALT_ADDR | F41: 44238.938 | G41: =ReloadStatusTable[[#This Row],[Forecasted Reload Completion Time (MT)]]+1/24 -> 44238.979 | H41: =IF(ReloadStatusTable[[#This Row],[Actual Completion time (MT)]]="","not done yet","Complete") -> not done yet | I41: =_xlfn.XLOOKUP(CONCATENATE(ReloadStatusTable[[#This Row],[Table]],TEXT(Process_Date,"yyyy-mm-dd")),'Daily_Completion Status'!F:F,'Daily_Completion Status'!H:H,"",0) | J41: =ReloadStatusTable[[#This Row],[Actual Completion time (MT)]]+1/24 -> #VALUE! | K41: =_xlfn.TEXTJOIN("",TRUE, "VAN-INFOCAST-NDW-",ReloadStatusTable[[#This Row],[MSO]],"-",IF(ReloadStatusTable[[#This Row],[Abbreviation]]="HSB","HSE",IF(ReloadStatusTable[[#This Row],[Abbreviation]]="OJB","JOB",ReloadStatusTable[[#This Row],[Abbreviation]])),"-DLY") -> VAN-INFOCAST-NDW-SLC-OJA-DLY | L41: ndwinfoc.infocastvntg.YYYY-MM-DD.HHMMSS.SSS.oja_jobs_alt_addr.dat.gz.pgp | M41: 44239.021 | N41: =IF(ReloadStatusTable[[#This Row],[DWH Infocast Jobname]]="N/A","N/A",IF(ReloadStatusTable[[#This Row],[DWH Infocast File Actual Delivery Time (MT)]]="","not delivered yet","Delivered")) -> not delivered yet | O41: =IF(ReloadStatusTable[[#This Row],[DWH Infocast Jobname]]="N/A","N/A",IF(AND(_xlfn.XLOOKUP(ReloadStatusTable[[#This Row],[DWH Infocast Jobname]],'Infocast Autosys Job status'!B:B,'Infocast Autosys Job status'!F:F,"",0)>($C$1 + (18/24)),_xlfn.XLOOKUP(ReloadStatusTable[[#This Row],[DWH Infocast Jobname]],'Infocast Autosys Job status'!B:B,'Infocast Autosys Job status'!F:F,"",0)<($C$1 + 1 + (18/24))),_xlfn.XLOOKUP(ReloadStatusTable[[#This Row],[DWH Infocast Jobname]],'Infocast Autosys Job status'!B:B,'Infocast Autosys Job status'!F:F,"",0),"")) | P41: =ReloadStatusTable[[#This Row],[DWH Infocast File Actual Delivery Time (MT)]] + 1/24 -> #VALUE! | S41: 400 | T41: 7900
A42: WOM | B42: ACP JOB | C42: OJA | D42: =_xlfn.TEXTJOIN("",TRUE, "VIP",ReloadStatusTable[[#This Row],[Abbreviation]],"T") -> VIPOJAT | E42: OJA_JOBS_ALT_ADDR | F42: 44238.938 | G42: =ReloadStatusTable[[#This Row],[Forecasted Reload Completion Time (MT)]]+1/24 -> 44238.979 | H42: =IF(ReloadStatusTable[[#This Row],[Actual Completion time (MT)]]="","not done yet","Complete") -> not done yet | I42: =_xlfn.XLOOKUP(CONCATENATE(ReloadStatusTable[[#This Row],[Table]],TEXT(Process_Date,"yyyy-mm-dd")),'Daily_Completion Status'!F:F,'Daily_Completion Status'!H:H,"",0) | J42: =ReloadStatusTable[[#This Row],[Actual Completion time (MT)]]+1/24 -> #VALUE! | K42: =_xlfn.TEXTJOIN("",TRUE, "VAN-INFOCAST-NDW-",ReloadStatusTable[[#This Row],[MSO]],"-",IF(ReloadStatusTable[[#This Row],[Abbreviation]]="HSB","HSE",IF(ReloadStatusTable[[#This Row],[Abbreviation]]="OJB","JOB",ReloadStatusTable[[#This Row],[Abbreviation]])),"-DLY") -> VAN-INFOCAST-NDW-WOM-OJA-DLY | L42: ndwinfoc.infocastvntg.YYYY-MM-DD.HHMMSS.SSS.oja_jobs_alt_addr.dat.gz.pgp | M42: 44239.021 | N42: =IF(ReloadStatusTable[[#This Row],[DWH Infocast Jobname]]="N/A","N/A",IF(ReloadStatusTable[[#This Row],[DWH Infocast File Actual Delivery Time (MT)]]="","not delivered yet","Delivered")) -> not delivered yet | O42: =IF(ReloadStatusTable[[#This Row],[DWH Infocast Jobname]]="N/A","N/A",IF(AND(_xlfn.XLOOKUP(ReloadStatusTable[[#This Row],[DWH Infocast Jobname]],'Infocast Autosys Job status'!B:B,'Infocast Autosys Job status'!F:F,"",0)>($C$1 + (18/24)),_xlfn.XLOOKUP(ReloadStatusTable[[#This Row],[DWH Infocast Jobname]],'Infocast Autosys Job status'!B:B,'Infocast Autosys Job status'!F:F,"",0)<($C$1 + 1 + (18/24))),_xlfn.XLOOKUP(ReloadStatusTable[[#This Row],[DWH Infocast Jobname]],'Infocast Autosys Job status'!B:B,'Infocast Autosys Job status'!F:F,"",0),"")) | P42: =ReloadStatusTable[[#This Row],[DWH Infocast File Actual Delivery Time (MT)]] + 1/24 -> #VALUE! | S42: 400 | T42: 7900
A43: DEN | B43: ACP JOB | C43: OJB | D43: =_xlfn.TEXTJOIN("",TRUE, "VIP",ReloadStatusTable[[#This Row],[Abbreviation]],"T") -> VIPOJBT | E43: OJB_JOBS | F43: 44238.938 | G43: =ReloadStatusTable[[#This Row],[Forecasted Reload Completion Time (MT)]]+1/24 -> 44238.979 | H43: =IF(ReloadStatusTable[[#This Row],[Actual Completion time (MT)]]="","not done yet","Complete") -> not done yet | I43: =_xlfn.XLOOKUP(CONCATENATE(ReloadStatusTable[[#This Row],[Table]],TEXT(Process_Date,"yyyy-mm-dd")),'Daily_Completion Status'!F:F,'Daily_Completion Status'!H:H,"",0) | J43: =ReloadStatusTable[[#This Row],[Actual Completion time (MT)]]+1/24 -> #VALUE! | K43: =_xlfn.TEXTJOIN("",TRUE, "VAN-INFOCAST-NDW-",ReloadStatusTable[[#This Row],[MSO]],"-",IF(ReloadStatusTable[[#This Row],[Abbreviation]]="HSB","HSE",IF(ReloadStatusTable[[#This Row],[Abbreviation]]="OJB","JOB",ReloadStatusTable[[#This Row],[Abbreviation]])),"-DLY") -> VAN-INFOCAST-NDW-DEN-JOB-DLY | L43: ndwinfoc.infocastvntg.YYYY-MM-DD.HHMMSS.SSS.ojb_jobs.dat.gz.pgp | M43: 44239.021 | N43: =IF(ReloadStatusTable[[#This Row],[DWH Infocast Jobname]]="N/A","N/A",IF(ReloadStatusTable[[#This Row],[DWH Infocast File Actual Delivery Time (MT)]]="","not delivered yet","Delivered")) -> not delivered yet | O43: =IF(ReloadStatusTable[[#This Row],[DWH Infocast Jobname]]="N/A","N/A",IF(AND(_xlfn.XLOOKUP(ReloadStatusTable[[#This Row],[DWH Infocast Jobname]],'Infocast Autosys Job status'!B:B,'Infocast Autosys Job status'!F:F,"",0)>($C$1 + (18/24)),_xlfn.XLOOKUP(ReloadStatusTable[[#This Row],[DWH Infocast Jobname]],'Infocast Autosys Job status'!B:B,'Infocast Autosys Job status'!F:F,"",0)<($C$1 + 1 + (18/24))),_xlfn.XLOOKUP(ReloadStatusTable[[#This Row],[DWH Infocast Jobname]],'Infocast Autosys Job status'!B:B,'Infocast Autosys Job status'!F:F,"",0),"")) | P43: =ReloadStatusTable[[#This Row],[DWH Infocast File Actual Delivery Time (MT)]] + 1/24 -> #VALUE! | S43: 400 | T43: 7900
A44: SLC | B44: ACP JOB | C44: OJB | D44: =_xlfn.TEXTJOIN("",TRUE, "VIP",ReloadStatusTable[[#This Row],[Abbreviation]],"T") -> VIPOJBT | E44: OJB_JOBS | F44: 44238.938 | G44: =ReloadStatusTable[[#This Row],[Forecasted Reload Completion Time (MT)]]+1/24 -> 44238.979 | H44: =IF(ReloadStatusTable[[#This Row],[Actual Completion time (MT)]]="","not done yet","Complete") -> not done yet | I44: =_xlfn.XLOOKUP(CONCATENATE(ReloadStatusTable[[#This Row],[Table]],TEXT(Process_Date,"yyyy-mm-dd")),'Daily_Completion Status'!F:F,'Daily_Completion Status'!H:H,"",0) | J44: =ReloadStatusTable[[#This Row],[Actual Completion time (MT)]]+1/24 -> #VALUE! | K44: =_xlfn.TEXTJOIN("",TRUE, "VAN-INFOCAST-NDW-",ReloadStatusTable[[#This Row],[MSO]],"-",IF(ReloadStatusTable[[#This Row],[Abbreviation]]="HSB","HSE",IF(ReloadStatusTable[[#This Row],[Abbreviation]]="OJB","JOB",ReloadStatusTable[[#This Row],[Abbreviation]])),"-DLY") -> VAN-INFOCAST-NDW-SLC-JOB-DLY | L44: ndwinfoc.infocastvntg.YYYY-MM-DD.HHMMSS.SSS.ojb_jobs.dat.gz.pgp | M44: 44239.021 | N44: =IF(ReloadStatusTable[[#This Row],[DWH Infocast Jobname]]="N/A","N/A",IF(ReloadStatusTable[[#This Row],[DWH Infocast File Actual Delivery Time (MT)]]="","not delivered yet","Delivered")) -> not delivered yet | O44: =IF(ReloadStatusTable[[#This Row],[DWH Infocast Jobname]]="N/A","N/A",IF(AND(_xlfn.XLOOKUP(ReloadStatusTable[[#This Row],[DWH Infocast Jobname]],'Infocast Autosys Job status'!B:B,'Infocast Autosys Job status'!F:F,"",0)>($C$1 + (18/24)),_xlfn.XLOOKUP(ReloadStatusTable[[#This Row],[DWH Infocast Jobname]],'Infocast Autosys Job status'!B:B,'Infocast Autosys Job status'!F:F,"",0)<($C$1 + 1 + (18/24))),_xlfn.XLOOKUP(ReloadStatusTable[[#This Row],[DWH Infocast Jobname]],'Infocast Autosys Job status'!B:B,'Infocast Autosys Job status'!F:F,"",0),"")) | P44: =ReloadStatusTable[[#This Row],[DWH Infocast File Actual Delivery Time (MT)]] + 1/24 -> #VALUE! | S44: 400 | T44: 7900
A45: WOM | B45: ACP JOB | C45: OJB | D45: =_xlfn.TEXTJOIN("",TRUE, "VIP",ReloadStatusTable[[#This Row],[Abbreviation]],"T") -> VIPOJBT | E45: OJB_JOBS | F45: 44238.938 | G45: =ReloadStatusTable[[#This Row],[Forecasted Reload Completion Time (MT)]]+1/24 -> 44238.979 | H45: =IF(ReloadStatusTable[[#This Row],[Actual Completion time (MT)]]="","not done yet","Complete") -> not done yet | I45: =_xlfn.XLOOKUP(CONCATENATE(ReloadStatusTable[[#This Row],[Table]],TEXT(Process_Date,"yyyy-mm-dd")),'Daily_Completion Status'!F:F,'Daily_Completion Status'!H:H,"",0) | J45: =ReloadStatusTable[[#This Row],[Actual Completion time (MT)]]+1/24 -> #VALUE! | K45: =_xlfn.TEXTJOIN("",TRUE, "VAN-INFOCAST-NDW-",ReloadStatusTable[[#This Row],[MSO]],"-",IF(ReloadStatusTable[[#This Row],[Abbreviation]]="HSB","HSE",IF(ReloadStatusTable[[#This Row],[Abbreviation]]="OJB","JOB",ReloadStatusTable[[#This Row],[Abbreviation]])),"-DLY") -> VAN-INFOCAST-NDW-WOM-JOB-DLY | L45: ndwinfoc.infocastvntg.YYYY-MM-DD.HHMMSS.SSS.ojb_jobs.dat.gz.pgp | M45: 44239.021 | N45: =IF(ReloadStatusTable[[#This Row],[DWH Infocast Jobname]]="N/A","N/A",IF(ReloadStatusTable[[#This Row],[DWH Infocast File Actual Delivery Time (MT)]]="","not delivered yet","Delivered")) -> not delivered yet | O45: =IF(ReloadStatusTable[[#This Row],[DWH Infocast Jobname]]="N/A","N/A",IF(AND(_xlfn.XLOOKUP(ReloadStatusTable[[#This Row],[DWH Infocast Jobname]],'Infocast Autosys Job status'!B:B,'Infocast Autosys Job status'!F:F,"",0)>($C$1 + (18/24)),_xlfn.XLOOKUP(ReloadStatusTable[[#This Row],[DWH Infocast Jobname]],'Infocast Autosys Job status'!B:B,'Infocast Autosys Job status'!F:F,"",0)<($C$1 + 1 + (18/24))),_xlfn.XLOOKUP(ReloadStatusTable[[#This Row],[DWH Infocast Jobname]],'Infocast Autosys Job status'!B:B,'Infocast Autosys Job status'!F:F,"",0),"")) | P45: =ReloadStatusTable[[#This Row],[DWH Infocast File Actual Delivery Time (MT)]] + 1/24 -> #VALUE! | S45: 400 | T45: 7900
A46: DEN | B46: EQUIPMENT | C46: EQC | D46: =_xlfn.TEXTJOIN("",TRUE, "VIP",ReloadStatusTable[[#This Row],[Abbreviation]],"T") -> VIPEQCT | E46: EQC_CUSTOM | F46: 44238.906 | G46: =ReloadStatusTable[[#This Row],[Forecasted Reload Completion Time (MT)]]+1/24 -> 44238.948 | H46: =IF(ReloadStatusTable[[#This Row],[Actual Completion time (MT)]]="","not done yet","Complete") -> not done yet | I46: =_xlfn.XLOOKUP(CONCATENATE(ReloadStatusTable[[#This Row],[Table]],TEXT(Process_Date,"yyyy-mm-dd")),'Daily_Completion Status'!F:F,'Daily_Completion Status'!H:H,"",0) | J46: =ReloadStatusTable[[#This Row],[Actual Completion time (MT)]]+1/24 -> #VALUE! | K46: =_xlfn.TEXTJOIN("",TRUE, "VAN-INFOCAST-NDW-",ReloadStatusTable[[#This Row],[MSO]],"-",IF(ReloadStatusTable[[#This Row],[Abbreviation]]="HSB","HSE",IF(ReloadStatusTable[[#This Row],[Abbreviation]]="OJB","JOB",ReloadStatusTable[[#This Row],[Abbreviation]])),"-DLY") -> VAN-INFOCAST-NDW-DEN-EQC-DLY | L46: ndwinfoc.infocastvntg.YYYY-MM-DD.HHMMSS.SSS.eqc_custom.dat.gz.pgp | M46: 44239.014 | N46: =IF(ReloadStatusTable[[#This Row],[DWH Infocast Jobname]]="N/A","N/A",IF(ReloadStatusTable[[#This Row],[DWH Infocast File Actual Delivery Time (MT)]]="","not delivered yet","Delivered")) -> not delivered yet | O46: =IF(ReloadStatusTable[[#This Row],[DWH Infocast Jobname]]="N/A","N/A",IF(AND(_xlfn.XLOOKUP(ReloadStatusTable[[#This Row],[DWH Infocast Jobname]],'Infocast Autosys Job status'!B:B,'Infocast Autosys Job status'!F:F,"",0)>($C$1 + (18/24)),_xlfn.XLOOKUP(ReloadStatusTable[[#This Row],[DWH Infocast Jobname]],'Infocast Autosys Job status'!B:B,'Infocast Autosys Job status'!F:F,"",0)<($C$1 + 1 + (18/24))),_xlfn.XLOOKUP(ReloadStatusTable[[#This Row],[DWH Infocast Jobname]],'Infocast Autosys Job status'!B:B,'Infocast Autosys Job status'!F:F,"",0),"")) | P46: =ReloadStatusTable[[#This Row],[DWH Infocast File Actual Delivery Time (MT)]] + 1/24 -> #VALUE!
A47: SLC | B47: EQUIPMENT | C47: EQC | D47: =_xlfn.TEXTJOIN("",TRUE, "VIP",ReloadStatusTable[[#This Row],[Abbreviation]],"T") -> VIPEQCT | E47: EQC_CUSTOM | F47: 44238.906 | G47: =ReloadStatusTable[[#This Row],[Forecasted Reload Completion Time (MT)]]+1/24 -> 44238.948 | H47: =IF(ReloadStatusTable[[#This Row],[Actual Completion time (MT)]]="","not done yet","Complete") -> not done yet | I47: =_xlfn.XLOOKUP(CONCATENATE(ReloadStatusTable[[#This Row],[Table]],TEXT(Process_Date,"yyyy-mm-dd")),'Daily_Completion Status'!F:F,'Daily_Completion Status'!H:H,"",0) | J47: =ReloadStatusTable[[#This Row],[Actual Completion time (MT)]]+1/24 -> #VALUE! | K47: =_xlfn.TEXTJOIN("",TRUE, "VAN-INFOCAST-NDW-",ReloadStatusTable[[#This Row],[MSO]],"-",IF(ReloadStatusTable[[#This Row],[Abbreviation]]="HSB","HSE",IF(ReloadStatusTable[[#This Row],[Abbreviation]]="OJB","JOB",ReloadStatusTable[[#This Row],[Abbreviation]])),"-DLY") -> VAN-INFOCAST-NDW-SLC-EQC-DLY | L47: ndwinfoc.infocastvntg.YYYY-MM-DD.HHMMSS.SSS.eqc_custom.dat.gz.pgp | M47: 44239.014 | N47: =IF(ReloadStatusTable[[#This Row],[DWH Infocast Jobname]]="N/A","N/A",IF(ReloadStatusTable[[#This Row],[DWH Infocast File Actual Delivery Time (MT)]]="","not delivered yet","Delivered")) -> not delivered yet | O47: =IF(ReloadStatusTable[[#This Row],[DWH Infocast Jobname]]="N/A","N/A",IF(AND(_xlfn.XLOOKUP(ReloadStatusTable[[#This Row],[DWH Infocast Jobname]],'Infocast Autosys Job status'!B:B,'Infocast Autosys Job status'!F:F,"",0)>($C$1 + (18/24)),_xlfn.XLOOKUP(ReloadStatusTable[[#This Row],[DWH Infocast Jobname]],'Infocast Autosys Job status'!B:B,'Infocast Autosys Job status'!F:F,"",0)<($C$1 + 1 + (18/24))),_xlfn.XLOOKUP(ReloadStatusTable[[#This Row],[DWH Infocast Jobname]],'Infocast Autosys Job status'!B:B,'Infocast Autosys Job status'!F:F,"",0),"")) | P47: =ReloadStatusTable[[#This Row],[DWH Infocast File Actual Delivery Time (MT)]] + 1/24 -> #VALUE!
A48: WOM | B48: EQUIPMENT | C48: EQC | D48: =_xlfn.TEXTJOIN("",TRUE, "VIP",ReloadStatusTable[[#This Row],[Abbreviation]],"T") -> VIPEQCT | E48: EQC_CUSTOM | F48: 44238.906 | G48: =ReloadStatusTable[[#This Row],[Forecasted Reload Completion Time (MT)]]+1/24 -> 44238.948 | H48: =IF(ReloadStatusTable[[#This Row],[Actual Completion time (MT)]]="","not done yet","Complete") -> not done yet | I48: =_xlfn.XLOOKUP(CONCATENATE(ReloadStatusTable[[#This Row],[Table]],TEXT(Process_Date,"yyyy-mm-dd")),'Daily_Completion Status'!F:F,'Daily_Completion Status'!H:H,"",0) | J48: =ReloadStatusTable[[#This Row],[Actual Completion time (MT)]]+1/24 -> #VALUE! | K48: =_xlfn.TEXTJOIN("",TRUE, "VAN-INFOCAST-NDW-",ReloadStatusTable[[#This Row],[MSO]],"-",IF(ReloadStatusTable[[#This Row],[Abbreviation]]="HSB","HSE",IF(ReloadStatusTable[[#This Row],[Abbreviation]]="OJB","JOB",ReloadStatusTable[[#This Row],[Abbreviation]])),"-DLY") -> VAN-INFOCAST-NDW-WOM-EQC-DLY | L48: ndwinfoc.infocastvntg.YYYY-MM-DD.HHMMSS.SSS.eqc_custom.dat.gz.pgp | M48: 44239.014 | N48: =IF(ReloadStatusTable[[#This Row],[DWH Infocast Jobname]]="N/A","N/A",IF(ReloadStatusTable[[#This Row],[DWH Infocast File Actual Delivery Time (MT)]]="","not delivered yet","Delivered")) -> not delivered yet | O48: =IF(ReloadStatusTable[[#This Row],[DWH Infocast Jobname]]="N/A","N/A",IF(AND(_xlfn.XLOOKUP(ReloadStatusTable[[#This Row],[DWH Infocast Jobname]],'Infocast Autosys Job status'!B:B,'Infocast Autosys Job status'!F:F,"",0)>($C$1 + (18/24)),_xlfn.XLOOKUP(ReloadStatusTable[[#This Row],[DWH Infocast Jobname]],'Infocast Autosys Job status'!B:B,'Infocast Autosys Job status'!F:F,"",0)<($C$1 + 1 + (18/24))),_xlfn.XLOOKUP(ReloadStatusTable[[#This Row],[DWH Infocast Jobname]],'Infocast Autosys Job status'!B:B,'Infocast Autosys Job status'!F:F,"",0),"")) | P48: =ReloadStatusTable[[#This Row],[DWH Infocast File Actual Delivery Time (MT)]] + 1/24 -> #VALUE!
A49: DEN | B49: EQUIPMENT | C49: EQE | D49: =_xlfn.TEXTJOIN("",TRUE, "VIP",ReloadStatusTable[[#This Row],[Abbreviation]],"T") -> VIPEQET | E49: EQE_EVENT | F49: 44238.906 | G49: =ReloadStatusTable[[#This Row],[Forecasted Reload Completion Time (MT)]]+1/24 -> 44238.948 | H49: =IF(ReloadStatusTable[[#This Row],[Actual Completion time (MT)]]="","not done yet","Complete") -> not done yet | I49: =_xlfn.XLOOKUP(CONCATENATE(ReloadStatusTable[[#This Row],[Table]],TEXT(Process_Date,"yyyy-mm-dd")),'Daily_Completion Status'!F:F,'Daily_Completion Status'!H:H,"",0) | J49: =ReloadStatusTable[[#This Row],[Actual Completion time (MT)]]+1/24 -> #VALUE! | K49: =_xlfn.TEXTJOIN("",TRUE, "VAN-INFOCAST-NDW-",ReloadStatusTable[[#This Row],[MSO]],"-",IF(ReloadStatusTable[[#This Row],[Abbreviation]]="HSB","HSE",IF(ReloadStatusTable[[#This Row],[Abbreviation]]="OJB","JOB",ReloadStatusTable[[#This Row],[Abbreviation]])),"-DLY") -> VAN-INFOCAST-NDW-DEN-EQE-DLY | L49: ndwinfoc.infocastvntg.YYYY-MM-DD.HHMMSS.SSS.eqe_event.dat.gz.pgp | M49: 44239.014 | N49: =IF(ReloadStatusTable[[#This Row],[DWH Infocast Jobname]]="N/A","N/A",IF(ReloadStatusTable[[#This Row],[DWH Infocast File Actual Delivery Time (MT)]]="","not delivered yet","Delivered")) -> not delivered yet | O49: =IF(ReloadStatusTable[[#This Row],[DWH Infocast Jobname]]="N/A","N/A",IF(AND(_xlfn.XLOOKUP(ReloadStatusTable[[#This Row],[DWH Infocast Jobname]],'Infocast Autosys Job status'!B:B,'Infocast Autosys Job status'!F:F,"",0)>($C$1 + (18/24)),_xlfn.XLOOKUP(ReloadStatusTable[[#This Row],[DWH Infocast Jobname]],'Infocast Autosys Job status'!B:B,'Infocast Autosys Job status'!F:F,"",0)<($C$1 + 1 + (18/24))),_xlfn.XLOOKUP(ReloadStatusTable[[#This Row],[DWH Infocast Jobname]],'Infocast Autosys Job status'!B:B,'Infocast Autosys Job status'!F:F,"",0),"")) | P49: =ReloadStatusTable[[#This Row],[DWH Infocast File Actual Delivery Time (MT)]] + 1/24 -> #VALUE!
A50: SLC | B50: EQUIPMENT | C50: EQE | D50: =_xlfn.TEXTJOIN("",TRUE, "VIP",ReloadStatusTable[[#This Row],[Abbreviation]],"T") -> VIPEQET | E50: EQE_EVENT | F50: 44238.906 | G50: =ReloadStatusTable[[#This Row],[Forecasted Reload Completion Time (MT)]]+1/24 -> 44238.948 | H50: =IF(ReloadStatusTable[[#This Row],[Actual Completion time (MT)]]="","not done yet","Complete") -> not done yet | I50: =_xlfn.XLOOKUP(CONCATENATE(ReloadStatusTable[[#This Row],[Table]],TEXT(Process_Date,"yyyy-mm-dd")),'Daily_Completion Status'!F:F,'Daily_Completion Status'!H:H,"",0) | J50: =ReloadStatusTable[[#This Row],[Actual Completion time (MT)]]+1/24 -> #VALUE! | K50: =_xlfn.TEXTJOIN("",TRUE, "VAN-INFOCAST-NDW-",ReloadStatusTable[[#This Row],[MSO]],"-",IF(ReloadStatusTable[[#This Row],[Abbreviation]]="HSB","HSE",IF(ReloadStatusTable[[#This Row],[Abbreviation]]="OJB","JOB",ReloadStatusTable[[#This Row],[Abbreviation]])),"-DLY") -> VAN-INFOCAST-NDW-SLC-EQE-DLY | L50: ndwinfoc.infocastvntg.YYYY-MM-DD.HHMMSS.SSS.eqe_event.dat.gz.pgp | M50: 44239.014 | N50: =IF(ReloadStatusTable[[#This Row],[DWH Infocast Jobname]]="N/A","N/A",IF(ReloadStatusTable[[#This Row],[DWH Infocast File Actual Delivery Time (MT)]]="","not delivered yet","Delivered")) -> not delivered yet | O50: =IF(ReloadStatusTable[[#This Row],[DWH Infocast Jobname]]="N/A","N/A",IF(AND(_xlfn.XLOOKUP(ReloadStatusTable[[#This Row],[DWH Infocast Jobname]],'Infocast Autosys Job status'!B:B,'Infocast Autosys Job status'!F:F,"",0)>($C$1 + (18/24)),_xlfn.XLOOKUP(ReloadStatusTable[[#This Row],[DWH Infocast Jobname]],'Infocast Autosys Job status'!B:B,'Infocast Autosys Job status'!F:F,"",0)<($C$1 + 1 + (18/24))),_xlfn.XLOOKUP(ReloadStatusTable[[#This Row],[DWH Infocast Jobname]],'Infocast Autosys Job status'!B:B,'Infocast Autosys Job status'!F:F,"",0),"")) | P50: =ReloadStatusTable[[#This Row],[DWH Infocast File Actual Delivery Time (MT)]] + 1/24 -> #VALUE!
A51: WOM | B51: EQUIPMENT | C51: EQE | D51: =_xlfn.TEXTJOIN("",TRUE, "VIP",ReloadStatusTable[[#This Row],[Abbreviation]],"T") -> VIPEQET | E51: EQE_EVENT | F51: 44238.906 | G51: =ReloadStatusTable[[#This Row],[Forecasted Reload Completion Time (MT)]]+1/24 -> 44238.948 | H51: =IF(ReloadStatusTable[[#This Row],[Actual Completion time (MT)]]="","not done yet","Complete") -> not done yet | I51: =_xlfn.XLOOKUP(CONCATENATE(ReloadStatusTable[[#This Row],[Table]],TEXT(Process_Date,"yyyy-mm-dd")),'Daily_Completion Status'!F:F,'Daily_Completion Status'!H:H,"",0) | J51: =ReloadStatusTable[[#This Row],[Actual Completion time (MT)]]+1/24 -> #VALUE! | K51: =_xlfn.TEXTJOIN("",TRUE, "VAN-INFOCAST-NDW-",ReloadStatusTable[[#This Row],[MSO]],"-",IF(ReloadStatusTable[[#This Row],[Abbreviation]]="HSB","HSE",IF(ReloadStatusTable[[#This Row],[Abbreviation]]="OJB","JOB",ReloadStatusTable[[#This Row],[Abbreviation]])),"-DLY") -> VAN-INFOCAST-NDW-WOM-EQE-DLY | L51: ndwinfoc.infocastvntg.YYYY-MM-DD.HHMMSS.SSS.eqe_event.dat.gz.pgp | M51: 44239.014 | N51: =IF(ReloadStatusTable[[#This Row],[DWH Infocast Jobname]]="N/A","N/A",IF(ReloadStatusTable[[#This Row],[DWH Infocast File Actual Delivery Time (MT)]]="","not delivered yet","Delivered")) -> not delivered yet | O51: =IF(ReloadStatusTable[[#This Row],[DWH Infocast Jobname]]="N/A","N/A",IF(AND(_xlfn.XLOOKUP(ReloadStatusTable[[#This Row],[DWH Infocast Jobname]],'Infocast Autosys Job status'!B:B,'Infocast Autosys Job status'!F:F,"",0)>($C$1 + (18/24)),_xlfn.XLOOKUP(ReloadStatusTable[[#This Row],[DWH Infocast Jobname]],'Infocast Autosys Job status'!B:B,'Infocast Autosys Job status'!F:F,"",0)<($C$1 + 1 + (18/24))),_xlfn.XLOOKUP(ReloadStatusTable[[#This Row],[DWH Infocast Jobname]],'Infocast Autosys Job status'!B:B,'Infocast Autosys Job status'!F:F,"",0),"")) | P51: =ReloadStatusTable[[#This Row],[DWH Infocast File Actual Delivery Time (MT)]] + 1/24 -> #VALUE!
A52: DEN | B52: EQUIPMENT | C52: EQP | D52: =_xlfn.TEXTJOIN("",TRUE, "VIP",ReloadStatusTable[[#This Row],[Abbreviation]],"T") -> VIPEQPT | E52: EQP_BASE | F52: 44238.906 | G52: =ReloadStatusTable[[#This Row],[Forecasted Reload Completion Time (MT)]]+1/24 -> 44238.948 | H52: =IF(ReloadStatusTable[[#This Row],[Actual Completion time (MT)]]="","not done yet","Complete") -> not done yet | I52: =_xlfn.XLOOKUP(CONCATENATE(ReloadStatusTable[[#This Row],[Table]],TEXT(Process_Date,"yyyy-mm-dd")),'Daily_Completion Status'!F:F,'Daily_Completion Status'!H:H,"",0) | J52: =ReloadStatusTable[[#This Row],[Actual Completion time (MT)]]+1/24 -> #VALUE! | K52: =_xlfn.TEXTJOIN("",TRUE, "VAN-INFOCAST-NDW-",ReloadStatusTable[[#This Row],[MSO]],"-",IF(ReloadStatusTable[[#This Row],[Abbreviation]]="HSB","HSE",IF(ReloadStatusTable[[#This Row],[Abbreviation]]="OJB","JOB",ReloadStatusTable[[#This Row],[Abbreviation]])),"-DLY") -> VAN-INFOCAST-NDW-DEN-EQP-DLY | L52: ndwinfoc.infocastvntg.YYYY-MM-DD.HHMMSS.SSS.eqp_base.dat.gz.pgp | M52: 44239.014 | N52: =IF(ReloadStatusTable[[#This Row],[DWH Infocast Jobname]]="N/A","N/A",IF(ReloadStatusTable[[#This Row],[DWH Infocast File Actual Delivery Time (MT)]]="","not delivered yet","Delivered")) -> not delivered yet | O52: =IF(ReloadStatusTable[[#This Row],[DWH Infocast Jobname]]="N/A","N/A",IF(AND(_xlfn.XLOOKUP(ReloadStatusTable[[#This Row],[DWH Infocast Jobname]],'Infocast Autosys Job status'!B:B,'Infocast Autosys Job status'!F:F,"",0)>($C$1 + (18/24)),_xlfn.XLOOKUP(ReloadStatusTable[[#This Row],[DWH Infocast Jobname]],'Infocast Autosys Job status'!B:B,'Infocast Autosys Job status'!F:F,"",0)<($C$1 + 1 + (18/24))),_xlfn.XLOOKUP(ReloadStatusTable[[#This Row],[DWH Infocast Jobname]],'Infocast Autosys Job status'!B:B,'Infocast Autosys Job status'!F:F,"",0),"")) | P52: =ReloadStatusTable[[#This Row],[DWH Infocast File Actual Delivery Time (MT)]] + 1/24 -> #VALUE!
A53: SLC | B53: EQUIPMENT | C53: EQP | D53: =_xlfn.TEXTJOIN("",TRUE, "VIP",ReloadStatusTable[[#This Row],[Abbreviation]],"T") -> VIPEQPT | E53: EQP_BASE | F53: 44238.906 | G53: =ReloadStatusTable[[#This Row],[Forecasted Reload Completion Time (MT)]]+1/24 -> 44238.948 | H53: =IF(ReloadStatusTable[[#This Row],[Actual Completion time (MT)]]="","not done yet","Complete") -> not done yet | I53: =_xlfn.XLOOKUP(CONCATENATE(ReloadStatusTable[[#This Row],[Table]],TEXT(Process_Date,"yyyy-mm-dd")),'Daily_Completion Status'!F:F,'Daily_Completion Status'!H:H,"",0) | J53: =ReloadStatusTable[[#This Row],[Actual Completion time (MT)]]+1/24 -> #VALUE! | K53: =_xlfn.TEXTJOIN("",TRUE, "VAN-INFOCAST-NDW-",ReloadStatusTable[[#This Row],[MSO]],"-",IF(ReloadStatusTable[[#This Row],[Abbreviation]]="HSB","HSE",IF(ReloadStatusTable[[#This Row],[Abbreviation]]="OJB","JOB",ReloadStatusTable[[#This Row],[Abbreviation]])),"-DLY") -> VAN-INFOCAST-NDW-SLC-EQP-DLY | L53: ndwinfoc.infocastvntg.YYYY-MM-DD.HHMMSS.SSS.eqp_base.dat.gz.pgp | M53: 44239.014 | N53: =IF(ReloadStatusTable[[#This Row],[DWH Infocast Jobname]]="N/A","N/A",IF(ReloadStatusTable[[#This Row],[DWH Infocast File Actual Delivery Time (MT)]]="","not delivered yet","Delivered")) -> not delivered yet | O53: =IF(ReloadStatusTable[[#This Row],[DWH Infocast Jobname]]="N/A","N/A",IF(AND(_xlfn.XLOOKUP(ReloadStatusTable[[#This Row],[DWH Infocast Jobname]],'Infocast Autosys Job status'!B:B,'Infocast Autosys Job status'!F:F,"",0)>($C$1 + (18/24)),_xlfn.XLOOKUP(ReloadStatusTable[[#This Row],[DWH Infocast Jobname]],'Infocast Autosys Job status'!B:B,'Infocast Autosys Job status'!F:F,"",0)<($C$1 + 1 + (18/24))),_xlfn.XLOOKUP(ReloadStatusTable[[#This Row],[DWH Infocast Jobname]],'Infocast Autosys Job status'!B:B,'Infocast Autosys Job status'!F:F,"",0),"")) | P53: =ReloadStatusTable[[#This Row],[DWH Infocast File Actual Delivery Time (MT)]] + 1/24 -> #VALUE!
A54: WOM | B54: EQUIPMENT | C54: EQP | D54: =_xlfn.TEXTJOIN("",TRUE, "VIP",ReloadStatusTable[[#This Row],[Abbreviation]],"T") -> VIPEQPT | E54: EQP_BASE | F54: 44238.906 | G54: =ReloadStatusTable[[#This Row],[Forecasted Reload Completion Time (MT)]]+1/24 -> 44238.948 | H54: =IF(ReloadStatusTable[[#This Row],[Actual Completion time (MT)]]="","not done yet","Complete") -> not done yet | I54: =_xlfn.XLOOKUP(CONCATENATE(ReloadStatusTable[[#This Row],[Table]],TEXT(Process_Date,"yyyy-mm-dd")),'Daily_Completion Status'!F:F,'Daily_Completion Status'!H:H,"",0) | J54: =ReloadStatusTable[[#This Row],[Actual Completion time (MT)]]+1/24 -> #VALUE! | K54: =_xlfn.TEXTJOIN("",TRUE, "VAN-INFOCAST-NDW-",ReloadStatusTable[[#This Row],[MSO]],"-",IF(ReloadStatusTable[[#This Row],[Abbreviation]]="HSB","HSE",IF(ReloadStatusTable[[#This Row],[Abbreviation]]="OJB","JOB",ReloadStatusTable[[#This Row],[Abbreviation]])),"-DLY") -> VAN-INFOCAST-NDW-WOM-EQP-DLY | L54: ndwinfoc.infocastvntg.YYYY-MM-DD.HHMMSS.SSS.eqp_base.dat.gz.pgp | M54: 44239.014 | N54: =IF(ReloadStatusTable[[#This Row],[DWH Infocast Jobname]]="N/A","N/A",IF(ReloadStatusTable[[#This Row],[DWH Infocast File Actual Delivery Time (MT)]]="","not delivered yet","Delivered")) -> not delivered yet | O54: =IF(ReloadStatusTable[[#This Row],[DWH Infocast Jobname]]="N/A","N/A",IF(AND(_xlfn.XLOOKUP(ReloadStatusTable[[#This Row],[DWH Infocast Jobname]],'Infocast Autosys Job status'!B:B,'Infocast Autosys Job status'!F:F,"",0)>($C$1 + (18/24)),_xlfn.XLOOKUP(ReloadStatusTable[[#This Row],[DWH Infocast Jobname]],'Infocast Autosys Job status'!B:B,'Infocast Autosys Job status'!F:F,"",0)<($C$1 + 1 + (18/24))),_xlfn.XLOOKUP(ReloadStatusTable[[#This Row],[DWH Infocast Jobname]],'Infocast Autosys Job status'!B:B,'Infocast Autosys Job status'!F:F,"",0),"")) | P54: =ReloadStatusTable[[#This Row],[DWH Infocast File Actual Delivery Time (MT)]] + 1/24 -> #VALUE!
A55: DEN | B55: EQUIPMENT | C55: EQS | D55: =_xlfn.TEXTJOIN("",TRUE, "VIP",ReloadStatusTable[[#This Row],[Abbreviation]],"T") -> VIPEQST | E55: EQS_SERV_CDE | F55: 44238.906 | G55: =ReloadStatusTable[[#This Row],[Forecasted Reload Completion Time (MT)]]+1/24 -> 44238.948 | H55: =IF(ReloadStatusTable[[#This Row],[Actual Completion time (MT)]]="","not done yet","Complete") -> not done yet | I55: =_xlfn.XLOOKUP(CONCATENATE(ReloadStatusTable[[#This Row],[Table]],TEXT(Process_Date,"yyyy-mm-dd")),'Daily_Completion Status'!F:F,'Daily_Completion Status'!H:H,"",0) | J55: =ReloadStatusTable[[#This Row],[Actual Completion time (MT)]]+1/24 -> #VALUE! | K55: =_xlfn.TEXTJOIN("",TRUE, "VAN-INFOCAST-NDW-",ReloadStatusTable[[#This Row],[MSO]],"-",IF(ReloadStatusTable[[#This Row],[Abbreviation]]="HSB","HSE",IF(ReloadStatusTable[[#This Row],[Abbreviation]]="OJB","JOB",ReloadStatusTable[[#This Row],[Abbreviation]])),"-DLY") -> VAN-INFOCAST-NDW-DEN-EQS-DLY | L55: ndwinfoc.infocastvntg.YYYY-MM-DD.HHMMSS.SSS.eqs_serv_cde.dat.gz.pgp | M55: 44239.014 | N55: =IF(ReloadStatusTable[[#This Row],[DWH Infocast Jobname]]="N/A","N/A",IF(ReloadStatusTable[[#This Row],[DWH Infocast File Actual Delivery Time (MT)]]="","not delivered yet","Delivered")) -> not delivered yet | O55: =IF(ReloadStatusTable[[#This Row],[DWH Infocast Jobname]]="N/A","N/A",IF(AND(_xlfn.XLOOKUP(ReloadStatusTable[[#This Row],[DWH Infocast Jobname]],'Infocast Autosys Job status'!B:B,'Infocast Autosys Job status'!F:F,"",0)>($C$1 + (18/24)),_xlfn.XLOOKUP(ReloadStatusTable[[#This Row],[DWH Infocast Jobname]],'Infocast Autosys Job status'!B:B,'Infocast Autosys Job status'!F:F,"",0)<($C$1 + 1 + (18/24))),_xlfn.XLOOKUP(ReloadStatusTable[[#This Row],[DWH Infocast Jobname]],'Infocast Autosys Job status'!B:B,'Infocast Autosys Job status'!F:F,"",0),"")) | P55: =ReloadStatusTable[[#This Row],[DWH Infocast File Actual Delivery Time (MT)]] + 1/24 -> #VALUE!
A56: SLC | B56: EQUIPMENT | C56: EQS | D56: =_xlfn.TEXTJOIN("",TRUE, "VIP",ReloadStatusTable[[#This Row],[Abbreviation]],"T") -> VIPEQST | E56: EQS_SERV_CDE | F56: 44238.906 | G56: =ReloadStatusTable[[#This Row],[Forecasted Reload Completion Time (MT)]]+1/24 -> 44238.948 | H56: =IF(ReloadStatusTable[[#This Row],[Actual Completion time (MT)]]="","not done yet","Complete") -> not done yet | I56: =_xlfn.XLOOKUP(CONCATENATE(ReloadStatusTable[[#This Row],[Table]],TEXT(Process_Date,"yyyy-mm-dd")),'Daily_Completion Status'!F:F,'Daily_Completion Status'!H:H,"",0) | J56: =ReloadStatusTable[[#This Row],[Actual Completion time (MT)]]+1/24 -> #VALUE! | K56: =_xlfn.TEXTJOIN("",TRUE, "VAN-INFOCAST-NDW-",ReloadStatusTable[[#This Row],[MSO]],"-",IF(ReloadStatusTable[[#This Row],[Abbreviation]]="HSB","HSE",IF(ReloadStatusTable[[#This Row],[Abbreviation]]="OJB","JOB",ReloadStatusTable[[#This Row],[Abbreviation]])),"-DLY") -> VAN-INFOCAST-NDW-SLC-EQS-DLY | L56: ndwinfoc.infocastvntg.YYYY-MM-DD.HHMMSS.SSS.eqs_serv_cde.dat.gz.pgp | M56: 44239.014 | N56: =IF(ReloadStatusTable[[#This Row],[DWH Infocast Jobname]]="N/A","N/A",IF(ReloadStatusTable[[#This Row],[DWH Infocast File Actual Delivery Time (MT)]]="","not delivered yet","Delivered")) -> not delivered yet | O56: =IF(ReloadStatusTable[[#This Row],[DWH Infocast Jobname]]="N/A","N/A",IF(AND(_xlfn.XLOOKUP(ReloadStatusTable[[#This Row],[DWH Infocast Jobname]],'Infocast Autosys Job status'!B:B,'Infocast Autosys Job status'!F:F,"",0)>($C$1 + (18/24)),_xlfn.XLOOKUP(ReloadStatusTable[[#This Row],[DWH Infocast Jobname]],'Infocast Autosys Job status'!B:B,'Infocast Autosys Job status'!F:F,"",0)<($C$1 + 1 + (18/24))),_xlfn.XLOOKUP(ReloadStatusTable[[#This Row],[DWH Infocast Jobname]],'Infocast Autosys Job status'!B:B,'Infocast Autosys Job status'!F:F,"",0),"")) | P56: =ReloadStatusTable[[#This Row],[DWH Infocast File Actual Delivery Time (MT)]] + 1/24 -> #VALUE!
A57: WOM | B57: EQUIPMENT | C57: EQS | D57: =_xlfn.TEXTJOIN("",TRUE, "VIP",ReloadStatusTable[[#This Row],[Abbreviation]],"T") -> VIPEQST | E57: EQS_SERV_CDE | F57: 44238.906 | G57: =ReloadStatusTable[[#This Row],[Forecasted Reload Completion Time (MT)]]+1/24 -> 44238.948 | H57: =IF(ReloadStatusTable[[#This Row],[Actual Completion time (MT)]]="","not done yet","Complete") -> not done yet | I57: =_xlfn.XLOOKUP(CONCATENATE(ReloadStatusTable[[#This Row],[Table]],TEXT(Process_Date,"yyyy-mm-dd")),'Daily_Completion Status'!F:F,'Daily_Completion Status'!H:H,"",0) | J57: =ReloadStatusTable[[#This Row],[Actual Completion time (MT)]]+1/24 -> #VALUE! | K57: =_xlfn.TEXTJOIN("",TRUE, "VAN-INFOCAST-NDW-",ReloadStatusTable[[#This Row],[MSO]],"-",IF(ReloadStatusTable[[#This Row],[Abbreviation]]="HSB","HSE",IF(ReloadStatusTable[[#This Row],[Abbreviation]]="OJB","JOB",ReloadStatusTable[[#This Row],[Abbreviation]])),"-DLY") -> VAN-INFOCAST-NDW-WOM-EQS-DLY | L57: ndwinfoc.infocastvntg.YYYY-MM-DD.HHMMSS.SSS.eqs_serv_cde.dat.gz.pgp | M57: 44239.014 | N57: =IF(ReloadStatusTable[[#This Row],[DWH Infocast Jobname]]="N/A","N/A",IF(ReloadStatusTable[[#This Row],[DWH Infocast File Actual Delivery Time (MT)]]="","not delivered yet","Delivered")) -> not delivered yet | O57: =IF(ReloadStatusTable[[#This Row],[DWH Infocast Jobname]]="N/A","N/A",IF(AND(_xlfn.XLOOKUP(ReloadStatusTable[[#This Row],[DWH Infocast Jobname]],'Infocast Autosys Job status'!B:B,'Infocast Autosys Job status'!F:F,"",0)>($C$1 + (18/24)),_xlfn.XLOOKUP(ReloadStatusTable[[#This Row],[DWH Infocast Jobname]],'Infocast Autosys Job status'!B:B,'Infocast Autosys Job status'!F:F,"",0)<($C$1 + 1 + (18/24))),_xlfn.XLOOKUP(ReloadStatusTable[[#This Row],[DWH Infocast Jobname]],'Infocast Autosys Job status'!B:B,'Infocast Autosys Job status'!F:F,"",0),"")) | P57: =ReloadStatusTable[[#This Row],[DWH Infocast File Actual Delivery Time (MT)]] + 1/24 -> #VALUE!
A58: DEN | B58: EQUIPMENT/NQL | C58: NQL | D58: =_xlfn.TEXTJOIN("",TRUE, "VIP",ReloadStatusTable[[#This Row],[Abbreviation]],"T") -> VIPNQLT | E58: NQL_HIST | F58: 44239.021 | G58: =ReloadStatusTable[[#This Row],[Forecasted Reload Completion Time (MT)]]+1/24 -> 44239.062 | H58: =IF(ReloadStatusTable[[#This Row],[Actual Completion time (MT)]]="","not done yet","Complete") -> not done yet | I58: =_xlfn.XLOOKUP(CONCATENATE(ReloadStatusTable[[#This Row],[Table]],TEXT(Process_Date,"yyyy-mm-dd")),'Daily_Completion Status'!F:F,'Daily_Completion Status'!H:H,"",0) | J58: =ReloadStatusTable[[#This Row],[Actual Completion time (MT)]]+1/24 -> #VALUE! | K58: =_xlfn.TEXTJOIN("",TRUE, "VAN-INFOCAST-NDW-",ReloadStatusTable[[#This Row],[MSO]],"-",IF(ReloadStatusTable[[#This Row],[Abbreviation]]="HSB","HSE",IF(ReloadStatusTable[[#This Row],[Abbreviation]]="OJB","JOB",ReloadStatusTable[[#This Row],[Abbreviation]])),"-DLY") -> VAN-INFOCAST-NDW-DEN-NQL-DLY | L58: ndwinfoc.infocastvntg.YYYY-MM-DD.HHMMSS.SSS.nql_hist.dat.gz.pgp | M58: 44239.104 | N58: =IF(ReloadStatusTable[[#This Row],[DWH Infocast Jobname]]="N/A","N/A",IF(ReloadStatusTable[[#This Row],[DWH Infocast File Actual Delivery Time (MT)]]="","not delivered yet","Delivered")) -> not delivered yet | O58: =IF(ReloadStatusTable[[#This Row],[DWH Infocast Jobname]]="N/A","N/A",IF(AND(_xlfn.XLOOKUP(ReloadStatusTable[[#This Row],[DWH Infocast Jobname]],'Infocast Autosys Job status'!B:B,'Infocast Autosys Job status'!F:F,"",0)>($C$1 + (18/24)),_xlfn.XLOOKUP(ReloadStatusTable[[#This Row],[DWH Infocast Jobname]],'Infocast Autosys Job status'!B:B,'Infocast Autosys Job status'!F:F,"",0)<($C$1 + 1 + (18/24))),_xlfn.XLOOKUP(ReloadStatusTable[[#This Row],[DWH Infocast Jobname]],'Infocast Autosys Job status'!B:B,'Infocast Autosys Job status'!F:F,"",0),"")) | P58: =ReloadStatusTable[[#This Row],[DWH Infocast File Actual Delivery Time (MT)]] + 1/24 -> #VALUE! | S58: 875 | T58: 15200
A59: SLC | B59: EQUIPMENT/NQL | C59: NQL | D59: =_xlfn.TEXTJOIN("",TRUE, "VIP",ReloadStatusTable[[#This Row],[Abbreviation]],"T") -> VIPNQLT | E59: NQL_HIST | F59: 44239.021 | G59: =ReloadStatusTable[[#This Row],[Forecasted Reload Completion Time (MT)]]+1/24 -> 44239.062 | H59: =IF(ReloadStatusTable[[#This Row],[Actual Completion time (MT)]]="","not done yet","Complete") -> not done yet | I59: =_xlfn.XLOOKUP(CONCATENATE(ReloadStatusTable[[#This Row],[Table]],TEXT(Process_Date,"yyyy-mm-dd")),'Daily_Completion Status'!F:F,'Daily_Completion Status'!H:H,"",0) | J59: =ReloadStatusTable[[#This Row],[Actual Completion time (MT)]]+1/24 -> #VALUE! | K59: =_xlfn.TEXTJOIN("",TRUE, "VAN-INFOCAST-NDW-",ReloadStatusTable[[#This Row],[MSO]],"-",IF(ReloadStatusTable[[#This Row],[Abbreviation]]="HSB","HSE",IF(ReloadStatusTable[[#This Row],[Abbreviation]]="OJB","JOB",ReloadStatusTable[[#This Row],[Abbreviation]])),"-DLY") -> VAN-INFOCAST-NDW-SLC-NQL-DLY | L59: ndwinfoc.infocastvntg.YYYY-MM-DD.HHMMSS.SSS.nql_hist.dat.gz.pgp | M59: 44239.104 | N59: =IF(ReloadStatusTable[[#This Row],[DWH Infocast Jobname]]="N/A","N/A",IF(ReloadStatusTable[[#This Row],[DWH Infocast File Actual Delivery Time (MT)]]="","not delivered yet","Delivered")) -> not delivered yet | O59: =IF(ReloadStatusTable[[#This Row],[DWH Infocast Jobname]]="N/A","N/A",IF(AND(_xlfn.XLOOKUP(ReloadStatusTable[[#This Row],[DWH Infocast Jobname]],'Infocast Autosys Job status'!B:B,'Infocast Autosys Job status'!F:F,"",0)>($C$1 + (18/24)),_xlfn.XLOOKUP(ReloadStatusTable[[#This Row],[DWH Infocast Jobname]],'Infocast Autosys Job status'!B:B,'Infocast Autosys Job status'!F:F,"",0)<($C$1 + 1 + (18/24))),_xlfn.XLOOKUP(ReloadStatusTable[[#This Row],[DWH Infocast Jobname]],'Infocast Autosys Job status'!B:B,'Infocast Autosys Job status'!F:F,"",0),"")) | P59: =ReloadStatusTable[[#This Row],[DWH Infocast File Actual Delivery Time (MT)]] + 1/24 -> #VALUE! | S59: 875 | T59: 15200
A60: WOM | B60: EQUIPMENT/NQL | C60: NQL | D60: =_xlfn.TEXTJOIN("",TRUE, "VIP",ReloadStatusTable[[#This Row],[Abbreviation]],"T") -> VIPNQLT | E60: NQL_HIST | F60: 44239.021 | G60: =ReloadStatusTable[[#This Row],[Forecasted Reload Completion Time (MT)]]+1/24 -> 44239.062 | H60: =IF(ReloadStatusTable[[#This Row],[Actual Completion time (MT)]]="","not done yet","Complete") -> not done yet | I60: =_xlfn.XLOOKUP(CONCATENATE(ReloadStatusTable[[#This Row],[Table]],TEXT(Process_Date,"yyyy-mm-dd")),'Daily_Completion Status'!F:F,'Daily_Completion Status'!H:H,"",0) | J60: =ReloadStatusTable[[#This Row],[Actual Completion time (MT)]]+1/24 -> #VALUE! | K60: =_xlfn.TEXTJOIN("",TRUE, "VAN-INFOCAST-NDW-",ReloadStatusTable[[#This Row],[MSO]],"-",IF(ReloadStatusTable[[#This Row],[Abbreviation]]="HSB","HSE",IF(ReloadStatusTable[[#This Row],[Abbreviation]]="OJB","JOB",ReloadStatusTable[[#This Row],[Abbreviation]])),"-DLY") -> VAN-INFOCAST-NDW-WOM-NQL-DLY | L60: ndwinfoc.infocastvntg.YYYY-MM-DD.HHMMSS.SSS.nql_hist.dat.gz.pgp | M60: 44239.104 | N60: =IF(ReloadStatusTable[[#This Row],[DWH Infocast Jobname]]="N/A","N/A",IF(ReloadStatusTable[[#This Row],[DWH Infocast File Actual Delivery Time (MT)]]="","not delivered yet","Delivered")) -> not delivered yet | O60: =IF(ReloadStatusTable[[#This Row],[DWH Infocast Jobname]]="N/A","N/A",IF(AND(_xlfn.XLOOKUP(ReloadStatusTable[[#This Row],[DWH Infocast Jobname]],'Infocast Autosys Job status'!B:B,'Infocast Autosys Job status'!F:F,"",0)>($C$1 + (18/24)),_xlfn.XLOOKUP(ReloadStatusTable[[#This Row],[DWH Infocast Jobname]],'Infocast Autosys Job status'!B:B,'Infocast Autosys Job status'!F:F,"",0)<($C$1 + 1 + (18/24))),_xlfn.XLOOKUP(ReloadStatusTable[[#This Row],[DWH Infocast Jobname]],'Infocast Autosys Job status'!B:B,'Infocast Autosys Job status'!F:F,"",0),"")) | P60: =ReloadStatusTable[[#This Row],[DWH Infocast File Actual Delivery Time (MT)]] + 1/24 -> #VALUE! | S60: 875 | T60: 15200
A61: DEN | B61: ACP ITEM PENDING | C61: OPI | D61: =_xlfn.TEXTJOIN("",TRUE, "VIP",ReloadStatusTable[[#This Row],[Abbreviation]],"T") -> VIPOPIT | E61: OPI_OPEN_ITEM | F61: 44239.438 | G61: =ReloadStatusTable[[#This Row],[Forecasted Reload Completion Time (MT)]]+1/24 -> 44239.479 | H61: =IF(ReloadStatusTable[[#This Row],[Actual Completion time (MT)]]="","not done yet","Complete") -> not done yet | I61: =_xlfn.XLOOKUP(CONCATENATE(ReloadStatusTable[[#This Row],[Table]],TEXT(Process_Date,"yyyy-mm-dd")),'Daily_Completion Status'!F:F,'Daily_Completion Status'!H:H,"",0) | J61: =ReloadStatusTable[[#This Row],[Actual Completion time (MT)]]+1/24 -> #VALUE! | K61: =_xlfn.TEXTJOIN("",TRUE, "VAN-INFOCAST-NDW-",ReloadStatusTable[[#This Row],[MSO]],"-",IF(ReloadStatusTable[[#This Row],[Abbreviation]]="HSB","HSE",IF(ReloadStatusTable[[#This Row],[Abbreviation]]="OJB","JOB",ReloadStatusTable[[#This Row],[Abbreviation]])),"-DLY") -> VAN-INFOCAST-NDW-DEN-OPI-DLY | L61: ndwinfoc.infocastvntg.YYYY-MM-DD.HHMMSS.SSS.opi_open_item.dat.gz.pgp | M61: 44239.062 | N61: =IF(ReloadStatusTable[[#This Row],[DWH Infocast Jobname]]="N/A","N/A",IF(ReloadStatusTable[[#This Row],[DWH Infocast File Actual Delivery Time (MT)]]="","not delivered yet","Delivered")) -> not delivered yet | O61: =IF(ReloadStatusTable[[#This Row],[DWH Infocast Jobname]]="N/A","N/A",IF(AND(_xlfn.XLOOKUP(ReloadStatusTable[[#This Row],[DWH Infocast Jobname]],'Infocast Autosys Job status'!B:B,'Infocast Autosys Job status'!F:F,"",0)>($C$1 + (18/24)),_xlfn.XLOOKUP(ReloadStatusTable[[#This Row],[DWH Infocast Jobname]],'Infocast Autosys Job status'!B:B,'Infocast Autosys Job status'!F:F,"",0)<($C$1 + 1 + (18/24))),_xlfn.XLOOKUP(ReloadStatusTable[[#This Row],[DWH Infocast Jobname]],'Infocast Autosys Job status'!B:B,'Infocast Autosys Job status'!F:F,"",0),"")) | P61: =ReloadStatusTable[[#This Row],[DWH Infocast File Actual Delivery Time (MT)]] + 1/24 -> #VALUE! | S61: 3160 | T61: 24600
A62: SLC | B62: ACP ITEM PENDING | C62: OPI | D62: =_xlfn.TEXTJOIN("",TRUE, "VIP",ReloadStatusTable[[#This Row],[Abbreviation]],"T") -> VIPOPIT | E62: OPI_OPEN_ITEM | F62: 44239.438 | G62: =ReloadStatusTable[[#This Row],[Forecasted Reload Completion Time (MT)]]+1/24 -> 44239.479 | H62: =IF(ReloadStatusTable[[#This Row],[Actual Completion time (MT)]]="","not done yet","Complete") -> not done yet | I62: =_xlfn.XLOOKUP(CONCATENATE(ReloadStatusTable[[#This Row],[Table]],TEXT(Process_Date,"yyyy-mm-dd")),'Daily_Completion Status'!F:F,'Daily_Completion Status'!H:H,"",0) | J62: =ReloadStatusTable[[#This Row],[Actual Completion time (MT)]]+1/24 -> #VALUE! | K62: =_xlfn.TEXTJOIN("",TRUE, "VAN-INFOCAST-NDW-",ReloadStatusTable[[#This Row],[MSO]],"-",IF(ReloadStatusTable[[#This Row],[Abbreviation]]="HSB","HSE",IF(ReloadStatusTable[[#This Row],[Abbreviation]]="OJB","JOB",ReloadStatusTable[[#This Row],[Abbreviation]])),"-DLY") -> VAN-INFOCAST-NDW-SLC-OPI-DLY | L62: ndwinfoc.infocastvntg.YYYY-MM-DD.HHMMSS.SSS.opi_open_item.dat.gz.pgp | M62: 44239.062 | N62: =IF(ReloadStatusTable[[#This Row],[DWH Infocast Jobname]]="N/A","N/A",IF(ReloadStatusTable[[#This Row],[DWH Infocast File Actual Delivery Time (MT)]]="","not delivered yet","Delivered")) -> not delivered yet | O62: =IF(ReloadStatusTable[[#This Row],[DWH Infocast Jobname]]="N/A","N/A",IF(AND(_xlfn.XLOOKUP(ReloadStatusTable[[#This Row],[DWH Infocast Jobname]],'Infocast Autosys Job status'!B:B,'Infocast Autosys Job status'!F:F,"",0)>($C$1 + (18/24)),_xlfn.XLOOKUP(ReloadStatusTable[[#This Row],[DWH Infocast Jobname]],'Infocast Autosys Job status'!B:B,'Infocast Autosys Job status'!F:F,"",0)<($C$1 + 1 + (18/24))),_xlfn.XLOOKUP(ReloadStatusTable[[#This Row],[DWH Infocast Jobname]],'Infocast Autosys Job status'!B:B,'Infocast Autosys Job status'!F:F,"",0),"")) | P62: =ReloadStatusTable[[#This Row],[DWH Infocast File Actual Delivery Time (MT)]] + 1/24 -> #VALUE! | S62: 3160 | T62: 24600
A63: WOM | B63: ACP ITEM PENDING | C63: OPI | D63: =_xlfn.TEXTJOIN("",TRUE, "VIP",ReloadStatusTable[[#This Row],[Abbreviation]],"T") -> VIPOPIT | E63: OPI_OPEN_ITEM | F63: 44239.438 | G63: =ReloadStatusTable[[#This Row],[Forecasted Reload Completion Time (MT)]]+1/24 -> 44239.479 | H63: =IF(ReloadStatusTable[[#This Row],[Actual Completion time (MT)]]="","not done yet","Complete") -> not done yet | I63: =_xlfn.XLOOKUP(CONCATENATE(ReloadStatusTable[[#This Row],[Table]],TEXT(Process_Date,"yyyy-mm-dd")),'Daily_Completion Status'!F:F,'Daily_Completion Status'!H:H,"",0) | J63: =ReloadStatusTable[[#This Row],[Actual Completion time (MT)]]+1/24 -> #VALUE! | K63: =_xlfn.TEXTJOIN("",TRUE, "VAN-INFOCAST-NDW-",ReloadStatusTable[[#This Row],[MSO]],"-",IF(ReloadStatusTable[[#This Row],[Abbreviation]]="HSB","HSE",IF(ReloadStatusTable[[#This Row],[Abbreviation]]="OJB","JOB",ReloadStatusTable[[#This Row],[Abbreviation]])),"-DLY") -> VAN-INFOCAST-NDW-WOM-OPI-DLY | L63: ndwinfoc.infocastvntg.YYYY-MM-DD.HHMMSS.SSS.opi_open_item.dat.gz.pgp | M63: 44239.062 | N63: =IF(ReloadStatusTable[[#This Row],[DWH Infocast Jobname]]="N/A","N/A",IF(ReloadStatusTable[[#This Row],[DWH Infocast File Actual Delivery Time (MT)]]="","not delivered yet","Delivered")) -> not delivered yet | O63: =IF(ReloadStatusTable[[#This Row],[DWH Infocast Jobname]]="N/A","N/A",IF(AND(_xlfn.XLOOKUP(ReloadStatusTable[[#This Row],[DWH Infocast Jobname]],'Infocast Autosys Job status'!B:B,'Infocast Autosys Job status'!F:F,"",0)>($C$1 + (18/24)),_xlfn.XLOOKUP(ReloadStatusTable[[#This Row],[DWH Infocast Jobname]],'Infocast Autosys Job status'!B:B,'Infocast Autosys Job status'!F:F,"",0)<($C$1 + 1 + (18/24))),_xlfn.XLOOKUP(ReloadStatusTable[[#This Row],[DWH Infocast Jobname]],'Infocast Autosys Job status'!B:B,'Infocast Autosys Job status'!F:F,"",0),"")) | P63: =ReloadStatusTable[[#This Row],[DWH Infocast File Actual Delivery Time (MT)]] + 1/24 -> #VALUE! | S63: 3160 | T63: 24600
A64: DEN | B64: CUSTOMER | C64: CUC | D64: =_xlfn.TEXTJOIN("",TRUE, "VIP",ReloadStatusTable[[#This Row],[Abbreviation]],"T") -> VIPCUCT | E64: CUC_COMMENT | F64: 44238.979 | G64: =ReloadStatusTable[[#This Row],[Forecasted Reload Completion Time (MT)]]+1/24 -> 44239.021 | H64: =IF(ReloadStatusTable[[#This Row],[Actual Completion time (MT)]]="","not done yet","Complete") -> not done yet | I64: =_xlfn.XLOOKUP(CONCATENATE(ReloadStatusTable[[#This Row],[Table]],TEXT(Process_Date,"yyyy-mm-dd")),'Daily_Completion Status'!F:F,'Daily_Completion Status'!H:H,"",0) | J64: =ReloadStatusTable[[#This Row],[Actual Completion time (MT)]]+1/24 -> #VALUE! | K64: =_xlfn.TEXTJOIN("",TRUE, "VAN-INFOCAST-NDW-",ReloadStatusTable[[#This Row],[MSO]],"-",IF(ReloadStatusTable[[#This Row],[Abbreviation]]="HSB","HSE",IF(ReloadStatusTable[[#This Row],[Abbreviation]]="OJB","JOB",ReloadStatusTable[[#This Row],[Abbreviation]])),"-DLY") -> VAN-INFOCAST-NDW-DEN-CUC-DLY | L64: ndwinfoc.infocastvntg.YYYY-MM-DD.HHMMSS.SSS.cal.cuc_comment.dat.gz.pgp | M64: 44239.021 | N64: =IF(ReloadStatusTable[[#This Row],[DWH Infocast Jobname]]="N/A","N/A",IF(ReloadStatusTable[[#This Row],[DWH Infocast File Actual Delivery Time (MT)]]="","not delivered yet","Delivered")) -> not delivered yet | O64: =IF(ReloadStatusTable[[#This Row],[DWH Infocast Jobname]]="N/A","N/A",IF(AND(_xlfn.XLOOKUP(ReloadStatusTable[[#This Row],[DWH Infocast Jobname]],'Infocast Autosys Job status'!B:B,'Infocast Autosys Job status'!F:F,"",0)>($C$1 + (18/24)),_xlfn.XLOOKUP(ReloadStatusTable[[#This Row],[DWH Infocast Jobname]],'Infocast Autosys Job status'!B:B,'Infocast Autosys Job status'!F:F,"",0)<($C$1 + 1 + (18/24))),_xlfn.XLOOKUP(ReloadStatusTable[[#This Row],[DWH Infocast Jobname]],'Infocast Autosys Job status'!B:B,'Infocast Autosys Job status'!F:F,"",0),"")) | P64: =ReloadStatusTable[[#This Row],[DWH Infocast File Actual Delivery Time (MT)]] + 1/24 -> #VALUE!
A65: SLC | B65: CUSTOMER | C65: CUC | D65: =_xlfn.TEXTJOIN("",TRUE, "VIP",ReloadStatusTable[[#This Row],[Abbreviation]],"T") -> VIPCUCT | E65: CUC_COMMENT | F65: 44238.979 | G65: =ReloadStatusTable[[#This Row],[Forecasted Reload Completion Time (MT)]]+1/24 -> 44239.021 | H65: =IF(ReloadStatusTable[[#This Row],[Actual Completion time (MT)]]="","not done yet","Complete") -> not done yet | I65: =_xlfn.XLOOKUP(CONCATENATE(ReloadStatusTable[[#This Row],[Table]],TEXT(Process_Date,"yyyy-mm-dd")),'Daily_Completion Status'!F:F,'Daily_Completion Status'!H:H,"",0) | J65: =ReloadStatusTable[[#This Row],[Actual Completion time (MT)]]+1/24 -> #VALUE! | K65: =_xlfn.TEXTJOIN("",TRUE, "VAN-INFOCAST-NDW-",ReloadStatusTable[[#This Row],[MSO]],"-",IF(ReloadStatusTable[[#This Row],[Abbreviation]]="HSB","HSE",IF(ReloadStatusTable[[#This Row],[Abbreviation]]="OJB","JOB",ReloadStatusTable[[#This Row],[Abbreviation]])),"-DLY") -> VAN-INFOCAST-NDW-SLC-CUC-DLY | L65: ndwinfoc.infocastvntg.YYYY-MM-DD.HHMMSS.SSS.cal.cuc_comment.dat.gz.pgp | M65: 44239.021 | N65: =IF(ReloadStatusTable[[#This Row],[DWH Infocast Jobname]]="N/A","N/A",IF(ReloadStatusTable[[#This Row],[DWH Infocast File Actual Delivery Time (MT)]]="","not delivered yet","Delivered")) -> not delivered yet | O65: =IF(ReloadStatusTable[[#This Row],[DWH Infocast Jobname]]="N/A","N/A",IF(AND(_xlfn.XLOOKUP(ReloadStatusTable[[#This Row],[DWH Infocast Jobname]],'Infocast Autosys Job status'!B:B,'Infocast Autosys Job status'!F:F,"",0)>($C$1 + (18/24)),_xlfn.XLOOKUP(ReloadStatusTable[[#This Row],[DWH Infocast Jobname]],'Infocast Autosys Job status'!B:B,'Infocast Autosys Job status'!F:F,"",0)<($C$1 + 1 + (18/24))),_xlfn.XLOOKUP(ReloadStatusTable[[#This Row],[DWH Infocast Jobname]],'Infocast Autosys Job status'!B:B,'Infocast Autosys Job status'!F:F,"",0),"")) | P65: =ReloadStatusTable[[#This Row],[DWH Infocast File Actual Delivery Time (MT)]] + 1/24 -> #VALUE!
A66: WOM | B66: CUSTOMER | C66: CUC | D66: =_xlfn.TEXTJOIN("",TRUE, "VIP",ReloadStatusTable[[#This Row],[Abbreviation]],"T") -> VIPCUCT | E66: CUC_COMMENT | F66: 44238.979 | G66: =ReloadStatusTable[[#This Row],[Forecasted Reload Completion Time (MT)]]+1/24 -> 44239.021 | H66: =IF(ReloadStatusTable[[#This Row],[Actual Completion time (MT)]]="","not done yet","Complete") -> not done yet | I66: =_xlfn.XLOOKUP(CONCATENATE(ReloadStatusTable[[#This Row],[Table]],TEXT(Process_Date,"yyyy-mm-dd")),'Daily_Completion Status'!F:F,'Daily_Completion Status'!H:H,"",0) | J66: =ReloadStatusTable[[#This Row],[Actual Completion time (MT)]]+1/24 -> #VALUE! | K66: =_xlfn.TEXTJOIN("",TRUE, "VAN-INFOCAST-NDW-",ReloadStatusTable[[#This Row],[MSO]],"-",IF(ReloadStatusTable[[#This Row],[Abbreviation]]="HSB","HSE",IF(ReloadStatusTable[[#This Row],[Abbreviation]]="OJB","JOB",ReloadStatusTable[[#This Row],[Abbreviation]])),"-DLY") -> VAN-INFOCAST-NDW-WOM-CUC-DLY | L66: ndwinfoc.infocastvntg.YYYY-MM-DD.HHMMSS.SSS.cal.cuc_comment.dat.gz.pgp | M66: 44239.021 | N66: =IF(ReloadStatusTable[[#This Row],[DWH Infocast Jobname]]="N/A","N/A",IF(ReloadStatusTable[[#This Row],[DWH Infocast File Actual Delivery Time (MT)]]="","not delivered yet","Delivered")) -> not delivered yet | O66: =IF(ReloadStatusTable[[#This Row],[DWH Infocast Jobname]]="N/A","N/A",IF(AND(_xlfn.XLOOKUP(ReloadStatusTable[[#This Row],[DWH Infocast Jobname]],'Infocast Autosys Job status'!B:B,'Infocast Autosys Job status'!F:F,"",0)>($C$1 + (18/24)),_xlfn.XLOOKUP(ReloadStatusTable[[#This Row],[DWH Infocast Jobname]],'Infocast Autosys Job status'!B:B,'Infocast Autosys Job status'!F:F,"",0)<($C$1 + 1 + (18/24))),_xlfn.XLOOKUP(ReloadStatusTable[[#This Row],[DWH Infocast Jobname]],'Infocast Autosys Job status'!B:B,'Infocast Autosys Job status'!F:F,"",0),"")) | P66: =ReloadStatusTable[[#This Row],[DWH Infocast File Actual Delivery Time (MT)]] + 1/24 -> #VALUE!
A67: DEN | B67: CUSTOMER | C67: CUS | D67: =_xlfn.TEXTJOIN("",TRUE, "VIP",ReloadStatusTable[[#This Row],[Abbreviation]],"T") -> VIPCUST | E67: CUS_BASE | F67: 44238.979 | G67: =ReloadStatusTable[[#This Row],[Forecasted Reload Completion Time (MT)]]+1/24 -> 44239.021 | H67: =IF(ReloadStatusTable[[#This Row],[Actual Completion time (MT)]]="","not done yet","Complete") -> not done yet | I67: =_xlfn.XLOOKUP(CONCATENATE(ReloadStatusTable[[#This Row],[Table]],TEXT(Process_Date,"yyyy-mm-dd")),'Daily_Completion Status'!F:F,'Daily_Completion Status'!H:H,"",0) | J67: =ReloadStatusTable[[#This Row],[Actual Completion time (MT)]]+1/24 -> #VALUE! | K67: =_xlfn.TEXTJOIN("",TRUE, "VAN-INFOCAST-NDW-",ReloadStatusTable[[#This Row],[MSO]],"-",IF(ReloadStatusTable[[#This Row],[Abbreviation]]="HSB","HSE",IF(ReloadStatusTable[[#This Row],[Abbreviation]]="OJB","JOB",ReloadStatusTable[[#This Row],[Abbreviation]])),"-DLY") -> VAN-INFOCAST-NDW-DEN-CUS-DLY | L67: ndwinfoc.infocastvntg.YYYY-MM-DD.HHMMSS.SSS.cus_base.dat.gz.pgp | M67: 44239.021 | N67: =IF(ReloadStatusTable[[#This Row],[DWH Infocast Jobname]]="N/A","N/A",IF(ReloadStatusTable[[#This Row],[DWH Infocast File Actual Delivery Time (MT)]]="","not delivered yet","Delivered")) -> not delivered yet | O67: =IF(ReloadStatusTable[[#This Row],[DWH Infocast Jobname]]="N/A","N/A",IF(AND(_xlfn.XLOOKUP(ReloadStatusTable[[#This Row],[DWH Infocast Jobname]],'Infocast Autosys Job status'!B:B,'Infocast Autosys Job status'!F:F,"",0)>($C$1 + (18/24)),_xlfn.XLOOKUP(ReloadStatusTable[[#This Row],[DWH Infocast Jobname]],'Infocast Autosys Job status'!B:B,'Infocast Autosys Job status'!F:F,"",0)<($C$1 + 1 + (18/24))),_xlfn.XLOOKUP(ReloadStatusTable[[#This Row],[DWH Infocast Jobname]],'Infocast Autosys Job status'!B:B,'Infocast Autosys Job status'!F:F,"",0),"")) | P67: =ReloadStatusTable[[#This Row],[DWH Infocast File Actual Delivery Time (MT)]] + 1/24 -> #VALUE!
A68: SLC | B68: CUSTOMER | C68: CUS | D68: =_xlfn.TEXTJOIN("",TRUE, "VIP",ReloadStatusTable[[#This Row],[Abbreviation]],"T") -> VIPCUST | E68: CUS_BASE | F68: 44238.979 | G68: =ReloadStatusTable[[#This Row],[Forecasted Reload Completion Time (MT)]]+1/24 -> 44239.021 | H68: =IF(ReloadStatusTable[[#This Row],[Actual Completion time (MT)]]="","not done yet","Complete") -> not done yet | I68: =_xlfn.XLOOKUP(CONCATENATE(ReloadStatusTable[[#This Row],[Table]],TEXT(Process_Date,"yyyy-mm-dd")),'Daily_Completion Status'!F:F,'Daily_Completion Status'!H:H,"",0) | J68: =ReloadStatusTable[[#This Row],[Actual Completion time (MT)]]+1/24 -> #VALUE! | K68: =_xlfn.TEXTJOIN("",TRUE, "VAN-INFOCAST-NDW-",ReloadStatusTable[[#This Row],[MSO]],"-",IF(ReloadStatusTable[[#This Row],[Abbreviation]]="HSB","HSE",IF(ReloadStatusTable[[#This Row],[Abbreviation]]="OJB","JOB",ReloadStatusTable[[#This Row],[Abbreviation]])),"-DLY") -> VAN-INFOCAST-NDW-SLC-CUS-DLY | L68: ndwinfoc.infocastvntg.YYYY-MM-DD.HHMMSS.SSS.cus_base.dat.gz.pgp | M68: 44239.021 | N68: =IF(ReloadStatusTable[[#This Row],[DWH Infocast Jobname]]="N/A","N/A",IF(ReloadStatusTable[[#This Row],[DWH Infocast File Actual Delivery Time (MT)]]="","not delivered yet","Delivered")) -> not delivered yet | O68: =IF(ReloadStatusTable[[#This Row],[DWH Infocast Jobname]]="N/A","N/A",IF(AND(_xlfn.XLOOKUP(ReloadStatusTable[[#This Row],[DWH Infocast Jobname]],'Infocast Autosys Job status'!B:B,'Infocast Autosys Job status'!F:F,"",0)>($C$1 + (18/24)),_xlfn.XLOOKUP(ReloadStatusTable[[#This Row],[DWH Infocast Jobname]],'Infocast Autosys Job status'!B:B,'Infocast Autosys Job status'!F:F,"",0)<($C$1 + 1 + (18/24))),_xlfn.XLOOKUP(ReloadStatusTable[[#This Row],[DWH Infocast Jobname]],'Infocast Autosys Job status'!B:B,'Infocast Autosys Job status'!F:F,"",0),"")) | P68: =ReloadStatusTable[[#This Row],[DWH Infocast File Actual Delivery Time (MT)]] + 1/24 -> #VALUE!
A69: WOM | B69: CUSTOMER | C69: CUS | D69: =_xlfn.TEXTJOIN("",TRUE, "VIP",ReloadStatusTable[[#This Row],[Abbreviation]],"T") -> VIPCUST | E69: CUS_BASE | F69: 44238.979 | G69: =ReloadStatusTable[[#This Row],[Forecasted Reload Completion Time (MT)]]+1/24 -> 44239.021 | H69: =IF(ReloadStatusTable[[#This Row],[Actual Completion time (MT)]]="","not done yet","Complete") -> not done yet | I69: =_xlfn.XLOOKUP(CONCATENATE(ReloadStatusTable[[#This Row],[Table]],TEXT(Process_Date,"yyyy-mm-dd")),'Daily_Completion Status'!F:F,'Daily_Completion Status'!H:H,"",0) | J69: =ReloadStatusTable[[#This Row],[Actual Completion time (MT)]]+1/24 -> #VALUE! | K69: =_xlfn.TEXTJOIN("",TRUE, "VAN-INFOCAST-NDW-",ReloadStatusTable[[#This Row],[MSO]],"-",IF(ReloadStatusTable[[#This Row],[Abbreviation]]="HSB","HSE",IF(ReloadStatusTable[[#This Row],[Abbreviation]]="OJB","JOB",ReloadStatusTable[[#This Row],[Abbreviation]])),"-DLY") -> VAN-INFOCAST-NDW-WOM-CUS-DLY | L69: ndwinfoc.infocastvntg.YYYY-MM-DD.HHMMSS.SSS.cus_base.dat.gz.pgp | M69: 44239.021 | N69: =IF(ReloadStatusTable[[#This Row],[DWH Infocast Jobname]]="N/A","N/A",IF(ReloadStatusTable[[#This Row],[DWH Infocast File Actual Delivery Time (MT)]]="","not delivered yet","Delivered")) -> not delivered yet | O69: =IF(ReloadStatusTable[[#This Row],[DWH Infocast Jobname]]="N/A","N/A",IF(AND(_xlfn.XLOOKUP(ReloadStatusTable[[#This Row],[DWH Infocast Jobname]],'Infocast Autosys Job status'!B:B,'Infocast Autosys Job status'!F:F,"",0)>($C$1 + (18/24)),_xlfn.XLOOKUP(ReloadStatusTable[[#This Row],[DWH Infocast Jobname]],'Infocast Autosys Job status'!B:B,'Infocast Autosys Job status'!F:F,"",0)<($C$1 + 1 + (18/24))),_xlfn.XLOOKUP(ReloadStatusTable[[#This Row],[DWH Infocast Jobname]],'Infocast Autosys Job status'!B:B,'Infocast Autosys Job status'!F:F,"",0),"")) | P69: =ReloadStatusTable[[#This Row],[DWH Infocast File Actual Delivery Time (MT)]] + 1/24 -> #VALUE!
A70: DEN | B70: CUSTOMER | C70: ECS | D70: =_xlfn.TEXTJOIN("",TRUE, "VIP",ReloadStatusTable[[#This Row],[Abbreviation]],"T") -> VIPECST | E70: ECS_CUS_DATA | F70: 44238.979 | G70: =ReloadStatusTable[[#This Row],[Forecasted Reload Completion Time (MT)]]+1/24 -> 44239.021 | H70: =IF(ReloadStatusTable[[#This Row],[Actual Completion time (MT)]]="","not done yet","Complete") -> not done yet | I70: =_xlfn.XLOOKUP(CONCATENATE(ReloadStatusTable[[#This Row],[Table]],TEXT(Process_Date,"yyyy-mm-dd")),'Daily_Completion Status'!F:F,'Daily_Completion Status'!H:H,"",0) | J70: =ReloadStatusTable[[#This Row],[Actual Completion time (MT)]]+1/24 -> #VALUE! | K70: =_xlfn.TEXTJOIN("",TRUE, "VAN-INFOCAST-NDW-",ReloadStatusTable[[#This Row],[MSO]],"-",IF(ReloadStatusTable[[#This Row],[Abbreviation]]="HSB","HSE",IF(ReloadStatusTable[[#This Row],[Abbreviation]]="OJB","JOB",ReloadStatusTable[[#This Row],[Abbreviation]])),"-DLY") -> VAN-INFOCAST-NDW-DEN-ECS-DLY | L70: N/A | M70: N/A | N70: =IF(ReloadStatusTable[[#This Row],[DWH Infocast Jobname]]="N/A","N/A",IF(ReloadStatusTable[[#This Row],[DWH Infocast File Actual Delivery Time (MT)]]="","not delivered yet","Delivered")) -> not delivered yet | O70: =IF(ReloadStatusTable[[#This Row],[DWH Infocast Jobname]]="N/A","N/A",IF(AND(_xlfn.XLOOKUP(ReloadStatusTable[[#This Row],[DWH Infocast Jobname]],'Infocast Autosys Job status'!B:B,'Infocast Autosys Job status'!F:F,"",0)>($C$1 + (18/24)),_xlfn.XLOOKUP(ReloadStatusTable[[#This Row],[DWH Infocast Jobname]],'Infocast Autosys Job status'!B:B,'Infocast Autosys Job status'!F:F,"",0)<($C$1 + 1 + (18/24))),_xlfn.XLOOKUP(ReloadStatusTable[[#This Row],[DWH Infocast Jobname]],'Infocast Autosys Job status'!B:B,'Infocast Autosys Job status'!F:F,"",0),"")) | P70: =ReloadStatusTable[[#This Row],[DWH Infocast File Actual Delivery Time (MT)]] + 1/24 -> #VALUE!
A71: SLC | B71: CUSTOMER | C71: ECS | D71: =_xlfn.TEXTJOIN("",TRUE, "VIP",ReloadStatusTable[[#This Row],[Abbreviation]],"T") -> VIPECST | E71: ECS_CUS_DATA | F71: 44238.979 | G71: =ReloadStatusTable[[#This Row],[Forecasted Reload Completion Time (MT)]]+1/24 -> 44239.021 | H71: =IF(ReloadStatusTable[[#This Row],[Actual Completion time (MT)]]="","not done yet","Complete") -> not done yet | I71: =_xlfn.XLOOKUP(CONCATENATE(ReloadStatusTable[[#This Row],[Table]],TEXT(Process_Date,"yyyy-mm-dd")),'Daily_Completion Status'!F:F,'Daily_Completion Status'!H:H,"",0) | J71: =ReloadStatusTable[[#This Row],[Actual Completion time (MT)]]+1/24 -> #VALUE! | K71: =_xlfn.TEXTJOIN("",TRUE, "VAN-INFOCAST-NDW-",ReloadStatusTable[[#This Row],[MSO]],"-",IF(ReloadStatusTable[[#This Row],[Abbreviation]]="HSB","HSE",IF(ReloadStatusTable[[#This Row],[Abbreviation]]="OJB","JOB",ReloadStatusTable[[#This Row],[Abbreviation]])),"-DLY") -> VAN-INFOCAST-NDW-SLC-ECS-DLY | L71: N/A | M71: N/A | N71: =IF(ReloadStatusTable[[#This Row],[DWH Infocast Jobname]]="N/A","N/A",IF(ReloadStatusTable[[#This Row],[DWH Infocast File Actual Delivery Time (MT)]]="","not delivered yet","Delivered")) -> not delivered yet | O71: =IF(ReloadStatusTable[[#This Row],[DWH Infocast Jobname]]="N/A","N/A",IF(AND(_xlfn.XLOOKUP(ReloadStatusTable[[#This Row],[DWH Infocast Jobname]],'Infocast Autosys Job status'!B:B,'Infocast Autosys Job status'!F:F,"",0)>($C$1 + (18/24)),_xlfn.XLOOKUP(ReloadStatusTable[[#This Row],[DWH Infocast Jobname]],'Infocast Autosys Job status'!B:B,'Infocast Autosys Job status'!F:F,"",0)<($C$1 + 1 + (18/24))),_xlfn.XLOOKUP(ReloadStatusTable[[#This Row],[DWH Infocast Jobname]],'Infocast Autosys Job status'!B:B,'Infocast Autosys Job status'!F:F,"",0),"")) | P71: =ReloadStatusTable[[#This Row],[DWH Infocast File Actual Delivery Time (MT)]] + 1/24 -> #VALUE!
A72: WOM | B72: CUSTOMER | C72: ECS | D72: =_xlfn.TEXTJOIN("",TRUE, "VIP",ReloadStatusTable[[#This Row],[Abbreviation]],"T") -> VIPECST | E72: ECS_CUS_DATA | F72: 44238.979 | G72: =ReloadStatusTable[[#This Row],[Forecasted Reload Completion Time (MT)]]+1/24 -> 44239.021 | H72: =IF(ReloadStatusTable[[#This Row],[Actual Completion time (MT)]]="","not done yet","Complete") -> not done yet | I72: =_xlfn.XLOOKUP(CONCATENATE(ReloadStatusTable[[#This Row],[Table]],TEXT(Process_Date,"yyyy-mm-dd")),'Daily_Completion Status'!F:F,'Daily_Completion Status'!H:H,"",0) | J72: =ReloadStatusTable[[#This Row],[Actual Completion time (MT)]]+1/24 -> #VALUE! | K72: =_xlfn.TEXTJOIN("",TRUE, "VAN-INFOCAST-NDW-",ReloadStatusTable[[#This Row],[MSO]],"-",IF(ReloadStatusTable[[#This Row],[Abbreviation]]="HSB","HSE",IF(ReloadStatusTable[[#This Row],[Abbreviation]]="OJB","JOB",ReloadStatusTable[[#This Row],[Abbreviation]])),"-DLY") -> VAN-INFOCAST-NDW-WOM-ECS-DLY | L72: N/A | M72: N/A | N72: =IF(ReloadStatusTable[[#This Row],[DWH Infocast Jobname]]="N/A","N/A",IF(ReloadStatusTable[[#This Row],[DWH Infocast File Actual Delivery Time (MT)]]="","not delivered yet","Delivered")) -> not delivered yet | O72: =IF(ReloadStatusTable[[#This Row],[DWH Infocast Jobname]]="N/A","N/A",IF(AND(_xlfn.XLOOKUP(ReloadStatusTable[[#This Row],[DWH Infocast Jobname]],'Infocast Autosys Job status'!B:B,'Infocast Autosys Job status'!F:F,"",0)>($C$1 + (18/24)),_xlfn.XLOOKUP(ReloadStatusTable[[#This Row],[DWH Infocast Jobname]],'Infocast Autosys Job status'!B:B,'Infocast Autosys Job status'!F:F,"",0)<($C$1 + 1 + (18/24))),_xlfn.XLOOKUP(ReloadStatusTable[[#This Row],[DWH Infocast Jobname]],'Infocast Autosys Job status'!B:B,'Infocast Autosys Job status'!F:F,"",0),"")) | P72: =ReloadStatusTable[[#This Row],[DWH Infocast File Actual Delivery Time (MT)]] + 1/24 -> #VALUE!
A73: DEN | B73: SUBSCRIBER | C73: ESB | D73: =_xlfn.TEXTJOIN("",TRUE, "VIP",ReloadStatusTable[[#This Row],[Abbreviation]],"T") -> VIPESBT | E73: ESB_SBB_DATA | F73: 44238.979 | G73: =ReloadStatusTable[[#This Row],[Forecasted Reload Completion Time (MT)]]+1/24 -> 44239.021 | H73: =IF(ReloadStatusTable[[#This Row],[Actual Completion time (MT)]]="","not done yet","Complete") -> not done yet | I73: =_xlfn.XLOOKUP(CONCATENATE(ReloadStatusTable[[#This Row],[Table]],TEXT(Process_Date,"yyyy-mm-dd")),'Daily_Completion Status'!F:F,'Daily_Completion Status'!H:H,"",0) | J73: =ReloadStatusTable[[#This Row],[Actual Completion time (MT)]]+1/24 -> #VALUE! | K73: =_xlfn.TEXTJOIN("",TRUE, "VAN-INFOCAST-NDW-",ReloadStatusTable[[#This Row],[MSO]],"-",IF(ReloadStatusTable[[#This Row],[Abbreviation]]="HSB","HSE",IF(ReloadStatusTable[[#This Row],[Abbreviation]]="OJB","JOB",ReloadStatusTable[[#This Row],[Abbreviation]])),"-DLY") -> VAN-INFOCAST-NDW-DEN-ESB-DLY | L73: N/A | M73: N/A | N73: =IF(ReloadStatusTable[[#This Row],[DWH Infocast Jobname]]="N/A","N/A",IF(ReloadStatusTable[[#This Row],[DWH Infocast File Actual Delivery Time (MT)]]="","not delivered yet","Delivered")) -> not delivered yet | O73: =IF(ReloadStatusTable[[#This Row],[DWH Infocast Jobname]]="N/A","N/A",IF(AND(_xlfn.XLOOKUP(ReloadStatusTable[[#This Row],[DWH Infocast Jobname]],'Infocast Autosys Job status'!B:B,'Infocast Autosys Job status'!F:F,"",0)>($C$1 + (18/24)),_xlfn.XLOOKUP(ReloadStatusTable[[#This Row],[DWH Infocast Jobname]],'Infocast Autosys Job status'!B:B,'Infocast Autosys Job status'!F:F,"",0)<($C$1 + 1 + (18/24))),_xlfn.XLOOKUP(ReloadStatusTable[[#This Row],[DWH Infocast Jobname]],'Infocast Autosys Job status'!B:B,'Infocast Autosys Job status'!F:F,"",0),"")) | P73: =ReloadStatusTable[[#This Row],[DWH Infocast File Actual Delivery Time (MT)]] + 1/24 -> #VALUE!
A74: SLC | B74: SUBSCRIBER | C74: ESB | D74: =_xlfn.TEXTJOIN("",TRUE, "VIP",ReloadStatusTable[[#This Row],[Abbreviation]],"T") -> VIPESBT | E74: ESB_SBB_DATA | F74: 44238.979 | G74: =ReloadStatusTable[[#This Row],[Forecasted Reload Completion Time (MT)]]+1/24 -> 44239.021 | H74: =IF(ReloadStatusTable[[#This Row],[Actual Completion time (MT)]]="","not done yet","Complete") -> not done yet | I74: =_xlfn.XLOOKUP(CONCATENATE(ReloadStatusTable[[#This Row],[Table]],TEXT(Process_Date,"yyyy-mm-dd")),'Daily_Completion Status'!F:F,'Daily_Completion Status'!H:H,"",0) | J74: =ReloadStatusTable[[#This Row],[Actual Completion time (MT)]]+1/24 -> #VALUE! | K74: =_xlfn.TEXTJOIN("",TRUE, "VAN-INFOCAST-NDW-",ReloadStatusTable[[#This Row],[MSO]],"-",IF(ReloadStatusTable[[#This Row],[Abbreviation]]="HSB","HSE",IF(ReloadStatusTable[[#This Row],[Abbreviation]]="OJB","JOB",ReloadStatusTable[[#This Row],[Abbreviation]])),"-DLY") -> VAN-INFOCAST-NDW-SLC-ESB-DLY | L74: N/A | M74: N/A | N74: =IF(ReloadStatusTable[[#This Row],[DWH Infocast Jobname]]="N/A","N/A",IF(ReloadStatusTable[[#This Row],[DWH Infocast File Actual Delivery Time (MT)]]="","not delivered yet","Delivered")) -> not delivered yet | O74: =IF(ReloadStatusTable[[#This Row],[DWH Infocast Jobname]]="N/A","N/A",IF(AND(_xlfn.XLOOKUP(ReloadStatusTable[[#This Row],[DWH Infocast Jobname]],'Infocast Autosys Job status'!B:B,'Infocast Autosys Job status'!F:F,"",0)>($C$1 + (18/24)),_xlfn.XLOOKUP(ReloadStatusTable[[#This Row],[DWH Infocast Jobname]],'Infocast Autosys Job status'!B:B,'Infocast Autosys Job status'!F:F,"",0)<($C$1 + 1 + (18/24))),_xlfn.XLOOKUP(ReloadStatusTable[[#This Row],[DWH Infocast Jobname]],'Infocast Autosys Job status'!B:B,'Infocast Autosys Job status'!F:F,"",0),"")) | P74: =ReloadStatusTable[[#This Row],[DWH Infocast File Actual Delivery Time (MT)]] + 1/24 -> #VALUE!
A75: WOM | B75: SUBSCRIBER | C75: ESB | D75: =_xlfn.TEXTJOIN("",TRUE, "VIP",ReloadStatusTable[[#This Row],[Abbreviation]],"T") -> VIPESBT | E75: ESB_SBB_DATA | F75: 44238.979 | G75: =ReloadStatusTable[[#This Row],[Forecasted Reload Completion Time (MT)]]+1/24 -> 44239.021 | H75: =IF(ReloadStatusTable[[#This Row],[Actual Completion time (MT)]]="","not done yet","Complete") -> not done yet | I75: =_xlfn.XLOOKUP(CONCATENATE(ReloadStatusTable[[#This Row],[Table]],TEXT(Process_Date,"yyyy-mm-dd")),'Daily_Completion Status'!F:F,'Daily_Completion Status'!H:H,"",0) | J75: =ReloadStatusTable[[#This Row],[Actual Completion time (MT)]]+1/24 -> #VALUE! | K75: =_xlfn.TEXTJOIN("",TRUE, "VAN-INFOCAST-NDW-",ReloadStatusTable[[#This Row],[MSO]],"-",IF(ReloadStatusTable[[#This Row],[Abbreviation]]="HSB","HSE",IF(ReloadStatusTable[[#This Row],[Abbreviation]]="OJB","JOB",ReloadStatusTable[[#This Row],[Abbreviation]])),"-DLY") -> VAN-INFOCAST-NDW-WOM-ESB-DLY | L75: N/A | M75: N/A | N75: =IF(ReloadStatusTable[[#This Row],[DWH Infocast Jobname]]="N/A","N/A",IF(ReloadStatusTable[[#This Row],[DWH Infocast File Actual Delivery Time (MT)]]="","not delivered yet","Delivered")) -> not delivered yet | O75: =IF(ReloadStatusTable[[#This Row],[DWH Infocast Jobname]]="N/A","N/A",IF(AND(_xlfn.XLOOKUP(ReloadStatusTable[[#This Row],[DWH Infocast Jobname]],'Infocast Autosys Job status'!B:B,'Infocast Autosys Job status'!F:F,"",0)>($C$1 + (18/24)),_xlfn.XLOOKUP(ReloadStatusTable[[#This Row],[DWH Infocast Jobname]],'Infocast Autosys Job status'!B:B,'Infocast Autosys Job status'!F:F,"",0)<($C$1 + 1 + (18/24))),_xlfn.XLOOKUP(ReloadStatusTable[[#This Row],[DWH Infocast Jobname]],'Infocast Autosys Job status'!B:B,'Infocast Autosys Job status'!F:F,"",0),"")) | P75: =ReloadStatusTable[[#This Row],[DWH Infocast File Actual Delivery Time (MT)]] + 1/24 -> #VALUE!
A76: DEN | B76: SUBSCRIBER | C76: SBO | D76: =_xlfn.TEXTJOIN("",TRUE, "VIP",ReloadStatusTable[[#This Row],[Abbreviation]],"T") -> VIPSBOT | E76: SBO_LOB | F76: 44238.979 | G76: =ReloadStatusTable[[#This Row],[Forecasted Reload Completion Time (MT)]]+1/24 -> 44239.021 | H76: =IF(ReloadStatusTable[[#This Row],[Actual Completion time (MT)]]="","not done yet","Complete") -> not done yet | I76: =_xlfn.XLOOKUP(CONCATENATE(ReloadStatusTable[[#This Row],[Table]],TEXT(Process_Date,"yyyy-mm-dd")),'Daily_Completion Status'!F:F,'Daily_Completion Status'!H:H,"",0) | J76: =ReloadStatusTable[[#This Row],[Actual Completion time (MT)]]+1/24 -> #VALUE! | K76: =_xlfn.TEXTJOIN("",TRUE, "VAN-INFOCAST-NDW-",ReloadStatusTable[[#This Row],[MSO]],"-",IF(ReloadStatusTable[[#This Row],[Abbreviation]]="HSB","HSE",IF(ReloadStatusTable[[#This Row],[Abbreviation]]="OJB","JOB",ReloadStatusTable[[#This Row],[Abbreviation]])),"-DLY") -> VAN-INFOCAST-NDW-DEN-SBO-DLY | L76: N/A | M76: N/A | N76: =IF(ReloadStatusTable[[#This Row],[DWH Infocast Jobname]]="N/A","N/A",IF(ReloadStatusTable[[#This Row],[DWH Infocast File Actual Delivery Time (MT)]]="","not delivered yet","Delivered")) -> not delivered yet | O76: =IF(ReloadStatusTable[[#This Row],[DWH Infocast Jobname]]="N/A","N/A",IF(AND(_xlfn.XLOOKUP(ReloadStatusTable[[#This Row],[DWH Infocast Jobname]],'Infocast Autosys Job status'!B:B,'Infocast Autosys Job status'!F:F,"",0)>($C$1 + (18/24)),_xlfn.XLOOKUP(ReloadStatusTable[[#This Row],[DWH Infocast Jobname]],'Infocast Autosys Job status'!B:B,'Infocast Autosys Job status'!F:F,"",0)<($C$1 + 1 + (18/24))),_xlfn.XLOOKUP(ReloadStatusTable[[#This Row],[DWH Infocast Jobname]],'Infocast Autosys Job status'!B:B,'Infocast Autosys Job status'!F:F,"",0),"")) | P76: =ReloadStatusTable[[#This Row],[DWH Infocast File Actual Delivery Time (MT)]] + 1/24 -> #VALUE!
A77: SLC | B77: SUBSCRIBER | C77: SBO | D77: =_xlfn.TEXTJOIN("",TRUE, "VIP",ReloadStatusTable[[#This Row],[Abbreviation]],"T") -> VIPSBOT | E77: SBO_LOB | F77: 44238.979 | G77: =ReloadStatusTable[[#This Row],[Forecasted Reload Completion Time (MT)]]+1/24 -> 44239.021 | H77: =IF(ReloadStatusTable[[#This Row],[Actual Completion time (MT)]]="","not done yet","Complete") -> not done yet | I77: =_xlfn.XLOOKUP(CONCATENATE(ReloadStatusTable[[#This Row],[Table]],TEXT(Process_Date,"yyyy-mm-dd")),'Daily_Completion Status'!F:F,'Daily_Completion Status'!H:H,"",0) | J77: =ReloadStatusTable[[#This Row],[Actual Completion time (MT)]]+1/24 -> #VALUE! | K77: =_xlfn.TEXTJOIN("",TRUE, "VAN-INFOCAST-NDW-",ReloadStatusTable[[#This Row],[MSO]],"-",IF(ReloadStatusTable[[#This Row],[Abbreviation]]="HSB","HSE",IF(ReloadStatusTable[[#This Row],[Abbreviation]]="OJB","JOB",ReloadStatusTable[[#This Row],[Abbreviation]])),"-DLY") -> VAN-INFOCAST-NDW-SLC-SBO-DLY | L77: N/A | M77: N/A | N77: =IF(ReloadStatusTable[[#This Row],[DWH Infocast Jobname]]="N/A","N/A",IF(ReloadStatusTable[[#This Row],[DWH Infocast File Actual Delivery Time (MT)]]="","not delivered yet","Delivered")) -> not delivered yet | O77: =IF(ReloadStatusTable[[#This Row],[DWH Infocast Jobname]]="N/A","N/A",IF(AND(_xlfn.XLOOKUP(ReloadStatusTable[[#This Row],[DWH Infocast Jobname]],'Infocast Autosys Job status'!B:B,'Infocast Autosys Job status'!F:F,"",0)>($C$1 + (18/24)),_xlfn.XLOOKUP(ReloadStatusTable[[#This Row],[DWH Infocast Jobname]],'Infocast Autosys Job status'!B:B,'Infocast Autosys Job status'!F:F,"",0)<($C$1 + 1 + (18/24))),_xlfn.XLOOKUP(ReloadStatusTable[[#This Row],[DWH Infocast Jobname]],'Infocast Autosys Job status'!B:B,'Infocast Autosys Job status'!F:F,"",0),"")) | P77: =ReloadStatusTable[[#This Row],[DWH Infocast File Actual Delivery Time (MT)]] + 1/24 -> #VALUE!
A78: WOM | B78: SUBSCRIBER | C78: SBO | D78: =_xlfn.TEXTJOIN("",TRUE, "VIP",ReloadStatusTable[[#This Row],[Abbreviation]],"T") -> VIPSBOT | E78: SBO_LOB | F78: 44238.979 | G78: =ReloadStatusTable[[#This Row],[Forecasted Reload Completion Time (MT)]]+1/24 -> 44239.021 | H78: =IF(ReloadStatusTable[[#This Row],[Actual Completion time (MT)]]="","not done yet","Complete") -> not done yet | I78: =_xlfn.XLOOKUP(CONCATENATE(ReloadStatusTable[[#This Row],[Table]],TEXT(Process_Date,"yyyy-mm-dd")),'Daily_Completion Status'!F:F,'Daily_Completion Status'!H:H,"",0) | J78: =ReloadStatusTable[[#This Row],[Actual Completion time (MT)]]+1/24 -> #VALUE! | K78: =_xlfn.TEXTJOIN("",TRUE, "VAN-INFOCAST-NDW-",ReloadStatusTable[[#This Row],[MSO]],"-",IF(ReloadStatusTable[[#This Row],[Abbreviation]]="HSB","HSE",IF(ReloadStatusTable[[#This Row],[Abbreviation]]="OJB","JOB",ReloadStatusTable[[#This Row],[Abbreviation]])),"-DLY") -> VAN-INFOCAST-NDW-WOM-SBO-DLY | L78: N/A | M78: N/A | N78: =IF(ReloadStatusTable[[#This Row],[DWH Infocast Jobname]]="N/A","N/A",IF(ReloadStatusTable[[#This Row],[DWH Infocast File Actual Delivery Time (MT)]]="","not delivered yet","Delivered")) -> not delivered yet | O78: =IF(ReloadStatusTable[[#This Row],[DWH Infocast Jobname]]="N/A","N/A",IF(AND(_xlfn.XLOOKUP(ReloadStatusTable[[#This Row],[DWH Infocast Jobname]],'Infocast Autosys Job status'!B:B,'Infocast Autosys Job status'!F:F,"",0)>($C$1 + (18/24)),_xlfn.XLOOKUP(ReloadStatusTable[[#This Row],[DWH Infocast Jobname]],'Infocast Autosys Job status'!B:B,'Infocast Autosys Job status'!F:F,"",0)<($C$1 + 1 + (18/24))),_xlfn.XLOOKUP(ReloadStatusTable[[#This Row],[DWH Infocast Jobname]],'Infocast Autosys Job status'!B:B,'Infocast Autosys Job status'!F:F,"",0),"")) | P78: =ReloadStatusTable[[#This Row],[DWH Infocast File Actual Delivery Time (MT)]] + 1/24 -> #VALUE!
A79: DEN | B79: SUBSCRIBER | C79: SBT | D79: =_xlfn.TEXTJOIN("",TRUE, "VIP",ReloadStatusTable[[#This Row],[Abbreviation]],"T") -> VIPSBTT | E79: SBT_ACCT_TRANS | F79: 44238.979 | G79: =ReloadStatusTable[[#This Row],[Forecasted Reload Completion Time (MT)]]+1/24 -> 44239.021 | H79: =IF(ReloadStatusTable[[#This Row],[Actual Completion time (MT)]]="","not done yet","Complete") -> not done yet | I79: =_xlfn.XLOOKUP(CONCATENATE(ReloadStatusTable[[#This Row],[Table]],TEXT(Process_Date,"yyyy-mm-dd")),'Daily_Completion Status'!F:F,'Daily_Completion Status'!H:H,"",0) | J79: =ReloadStatusTable[[#This Row],[Actual Completion time (MT)]]+1/24 -> #VALUE! | K79: =_xlfn.TEXTJOIN("",TRUE, "VAN-INFOCAST-NDW-",ReloadStatusTable[[#This Row],[MSO]],"-",IF(ReloadStatusTable[[#This Row],[Abbreviation]]="HSB","HSE",IF(ReloadStatusTable[[#This Row],[Abbreviation]]="OJB","JOB",ReloadStatusTable[[#This Row],[Abbreviation]])),"-DLY") -> VAN-INFOCAST-NDW-DEN-SBT-DLY | L79: N/A | M79: N/A | N79: =IF(ReloadStatusTable[[#This Row],[DWH Infocast Jobname]]="N/A","N/A",IF(ReloadStatusTable[[#This Row],[DWH Infocast File Actual Delivery Time (MT)]]="","not delivered yet","Delivered")) -> not delivered yet | O79: =IF(ReloadStatusTable[[#This Row],[DWH Infocast Jobname]]="N/A","N/A",IF(AND(_xlfn.XLOOKUP(ReloadStatusTable[[#This Row],[DWH Infocast Jobname]],'Infocast Autosys Job status'!B:B,'Infocast Autosys Job status'!F:F,"",0)>($C$1 + (18/24)),_xlfn.XLOOKUP(ReloadStatusTable[[#This Row],[DWH Infocast Jobname]],'Infocast Autosys Job status'!B:B,'Infocast Autosys Job status'!F:F,"",0)<($C$1 + 1 + (18/24))),_xlfn.XLOOKUP(ReloadStatusTable[[#This Row],[DWH Infocast Jobname]],'Infocast Autosys Job status'!B:B,'Infocast Autosys Job status'!F:F,"",0),"")) | P79: =ReloadStatusTable[[#This Row],[DWH Infocast File Actual Delivery Time (MT)]] + 1/24 -> #VALUE!
A80: SLC | B80: SUBSCRIBER | C80: SBT | D80: =_xlfn.TEXTJOIN("",TRUE, "VIP",ReloadStatusTable[[#This Row],[Abbreviation]],"T") -> VIPSBTT | E80: SBT_ACCT_TRANS | F80: 44238.979 | G80: =ReloadStatusTable[[#This Row],[Forecasted Reload Completion Time (MT)]]+1/24 -> 44239.021 | H80: =IF(ReloadStatusTable[[#This Row],[Actual Completion time (MT)]]="","not done yet","Complete") -> not done yet | I80: =_xlfn.XLOOKUP(CONCATENATE(ReloadStatusTable[[#This Row],[Table]],TEXT(Process_Date,"yyyy-mm-dd")),'Daily_Completion Status'!F:F,'Daily_Completion Status'!H:H,"",0) | J80: =ReloadStatusTable[[#This Row],[Actual Completion time (MT)]]+1/24 -> #VALUE! | K80: =_xlfn.TEXTJOIN("",TRUE, "VAN-INFOCAST-NDW-",ReloadStatusTable[[#This Row],[MSO]],"-",IF(ReloadStatusTable[[#This Row],[Abbreviation]]="HSB","HSE",IF(ReloadStatusTable[[#This Row],[Abbreviation]]="OJB","JOB",ReloadStatusTable[[#This Row],[Abbreviation]])),"-DLY") -> VAN-INFOCAST-NDW-SLC-SBT-DLY | L80: N/A | M80: N/A | N80: =IF(ReloadStatusTable[[#This Row],[DWH Infocast Jobname]]="N/A","N/A",IF(ReloadStatusTable[[#This Row],[DWH Infocast File Actual Delivery Time (MT)]]="","not delivered yet","Delivered")) -> not delivered yet | O80: =IF(ReloadStatusTable[[#This Row],[DWH Infocast Jobname]]="N/A","N/A",IF(AND(_xlfn.XLOOKUP(ReloadStatusTable[[#This Row],[DWH Infocast Jobname]],'Infocast Autosys Job status'!B:B,'Infocast Autosys Job status'!F:F,"",0)>($C$1 + (18/24)),_xlfn.XLOOKUP(ReloadStatusTable[[#This Row],[DWH Infocast Jobname]],'Infocast Autosys Job status'!B:B,'Infocast Autosys Job status'!F:F,"",0)<($C$1 + 1 + (18/24))),_xlfn.XLOOKUP(ReloadStatusTable[[#This Row],[DWH Infocast Jobname]],'Infocast Autosys Job status'!B:B,'Infocast Autosys Job status'!F:F,"",0),"")) | P80: =ReloadStatusTable[[#This Row],[DWH Infocast File Actual Delivery Time (MT)]] + 1/24 -> #VALUE!
A81: WOM | B81: SUBSCRIBER | C81: SBT | D81: =_xlfn.TEXTJOIN("",TRUE, "VIP",ReloadStatusTable[[#This Row],[Abbreviation]],"T") -> VIPSBTT | E81: SBT_ACCT_TRANS | F81: 44238.979 | G81: =ReloadStatusTable[[#This Row],[Forecasted Reload Completion Time (MT)]]+1/24 -> 44239.021 | H81: =IF(ReloadStatusTable[[#This Row],[Actual Completion time (MT)]]="","not done yet","Complete") -> not done yet | I81: =_xlfn.XLOOKUP(CONCATENATE(ReloadStatusTable[[#This Row],[Table]],TEXT(Process_Date,"yyyy-mm-dd")),'Daily_Completion Status'!F:F,'Daily_Completion Status'!H:H,"",0) | J81: =ReloadStatusTable[[#This Row],[Actual Completion time (MT)]]+1/24 -> #VALUE! | K81: =_xlfn.TEXTJOIN("",TRUE, "VAN-INFOCAST-NDW-",ReloadStatusTable[[#This Row],[MSO]],"-",IF(ReloadStatusTable[[#This Row],[Abbreviation]]="HSB","HSE",IF(ReloadStatusTable[[#This Row],[Abbreviation]]="OJB","JOB",ReloadStatusTable[[#This Row],[Abbreviation]])),"-DLY") -> VAN-INFOCAST-NDW-WOM-SBT-DLY | L81: N/A | M81: N/A | N81: =IF(ReloadStatusTable[[#This Row],[DWH Infocast Jobname]]="N/A","N/A",IF(ReloadStatusTable[[#This Row],[DWH Infocast File Actual Delivery Time (MT)]]="","not delivered yet","Delivered")) -> not delivered yet | O81: =IF(ReloadStatusTable[[#This Row],[DWH Infocast Jobname]]="N/A","N/A",IF(AND(_xlfn.XLOOKUP(ReloadStatusTable[[#This Row],[DWH Infocast Jobname]],'Infocast Autosys Job status'!B:B,'Infocast Autosys Job status'!F:F,"",0)>($C$1 + (18/24)),_xlfn.XLOOKUP(ReloadStatusTable[[#This Row],[DWH Infocast Jobname]],'Infocast Autosys Job status'!B:B,'Infocast Autosys Job status'!F:F,"",0)<($C$1 + 1 + (18/24))),_xlfn.XLOOKUP(ReloadStatusTable[[#This Row],[DWH Infocast Jobname]],'Infocast Autosys Job status'!B:B,'Infocast Autosys Job status'!F:F,"",0),"")) | P81: =ReloadStatusTable[[#This Row],[DWH Infocast File Actual Delivery Time (MT)]] + 1/24 -> #VALUE!
... A96: WOM | B96: ACCOUNT RECEIVABLES | C96: ACR | D96: =_xlfn.TEXTJOIN("",TRUE, "VIP",ReloadStatusTable[[#This Row],[Abbreviation]],"T") -> VIPACRT | E96: ACR_ACCTS_RECEIVABLE | F96: 44239 | G96: =ReloadStatusTable[[#This Row],[Forecasted Reload Completion Time (MT)]]+1/24 -> 44239.042 | H96: =IF(ReloadStatusTable[[#This Row],[Actual Completion time (MT)]]="","not done yet","Complete") -> not done yet | I96: =_xlfn.XLOOKUP(CONCATENATE(ReloadStatusTable[[#This Row],[Table]],TEXT(Process_Date,"yyyy-mm-dd")),'Daily_Completion Status'!F:F,'Daily_Completion Status'!H:H,"",0) | J96: =ReloadStatusTable[[#This Row],[Actual Completion time (MT)]]+1/24 -> #VALUE! | K96: =_xlfn.TEXTJOIN("",TRUE, "VAN-INFOCAST-NDW-",ReloadStatusTable[[#This Row],[MSO]],"-",IF(ReloadStatusTable[[#This Row],[Abbreviation]]="HSB","HSE",IF(ReloadStatusTable[[#This Row],[Abbreviation]]="OJB","JOB",ReloadStatusTable[[#This Row],[Abbreviation]])),"-DLY") -> VAN-INFOCAST-NDW-WOM-ACR-DLY | L96: N/A | M96: N/A | N96: =IF(ReloadStatusTable[[#This Row],[DWH Infocast Jobname]]="N/A","N/A",IF(ReloadStatusTable[[#This Row],[DWH Infocast File Actual Delivery Time (MT)]]="","not delivered yet","Delivered")) -> not delivered yet | O96: =IF(ReloadStatusTable[[#This Row],[DWH Infocast Jobname]]="N/A","N/A",IF(AND(_xlfn.XLOOKUP(ReloadStatusTable[[#This Row],[DWH Infocast Jobname]],'Infocast Autosys Job status'!B:B,'Infocast Autosys Job status'!F:F,"",0)>($C$1 + (18/24)),_xlfn.XLOOKUP(ReloadStatusTable[[#This Row],[DWH Infocast Jobname]],'Infocast Autosys Job status'!B:B,'Infocast Autosys Job status'!F:F,"",0)<($C$1 + 1 + (18/24))),_xlfn.XLOOKUP(ReloadStatusTable[[#This Row],[DWH Infocast Jobname]],'Infocast Autosys Job status'!B:B,'Infocast Autosys Job status'!F:F,"",0),"")) | P96: =ReloadStatusTable[[#This Row],[DWH Infocast File Actual Delivery Time (MT)]] + 1/24 -> #VALUE!
A97: DEN | B97: ACP ITEM HISTORY | C97: OHI | D97: =_xlfn.TEXTJOIN("",TRUE, "VIP",ReloadStatusTable[[#This Row],[Abbreviation]],"T") -> VIPOHIT | E97: OHI_HIST_ITEM | F97: 44239.146 | G97: =ReloadStatusTable[[#This Row],[Forecasted Reload Completion Time (MT)]]+1/24 -> 44239.188 | H97: =IF(ReloadStatusTable[[#This Row],[Actual Completion time (MT)]]="","not done yet","Complete") -> not done yet | I97: =_xlfn.XLOOKUP(CONCATENATE(ReloadStatusTable[[#This Row],[Table]],TEXT(Process_Date,"yyyy-mm-dd")),'Daily_Completion Status'!F:F,'Daily_Completion Status'!H:H,"",0) | J97: =ReloadStatusTable[[#This Row],[Actual Completion time (MT)]]+1/24 -> #VALUE! | K97: =_xlfn.TEXTJOIN("",TRUE, "VAN-INFOCAST-NDW-",ReloadStatusTable[[#This Row],[MSO]],"-",IF(ReloadStatusTable[[#This Row],[Abbreviation]]="HSB","HSE",IF(ReloadStatusTable[[#This Row],[Abbreviation]]="OJB","JOB",ReloadStatusTable[[#This Row],[Abbreviation]])),"-DLY") -> VAN-INFOCAST-NDW-DEN-OHI-DLY | L97: ndwinfoc.infocastvntg.YYYY-MM-DD.HHMMSS.SSS.ohi_hist_item.dat.gz.pgp | M97: 44239.271 | N97: =IF(ReloadStatusTable[[#This Row],[DWH Infocast Jobname]]="N/A","N/A",IF(ReloadStatusTable[[#This Row],[DWH Infocast File Actual Delivery Time (MT)]]="","not delivered yet","Delivered")) -> not delivered yet | O97: =IF(ReloadStatusTable[[#This Row],[DWH Infocast Jobname]]="N/A","N/A",IF(AND(_xlfn.XLOOKUP(ReloadStatusTable[[#This Row],[DWH Infocast Jobname]],'Infocast Autosys Job status'!B:B,'Infocast Autosys Job status'!F:F,"",0)>($C$1 + (18/24)),_xlfn.XLOOKUP(ReloadStatusTable[[#This Row],[DWH Infocast Jobname]],'Infocast Autosys Job status'!B:B,'Infocast Autosys Job status'!F:F,"",0)<($C$1 + 1 + (18/24))),_xlfn.XLOOKUP(ReloadStatusTable[[#This Row],[DWH Infocast Jobname]],'Infocast Autosys Job status'!B:B,'Infocast Autosys Job status'!F:F,"",0),"")) | P97: =ReloadStatusTable[[#This Row],[DWH Infocast File Actual Delivery Time (MT)]] + 1/24 -> #VALUE! | S97: 3179 | T97: 22600
A98: SLC | B98: ACP ITEM HISTORY | C98: OHI | D98: =_xlfn.TEXTJOIN("",TRUE, "VIP",ReloadStatusTable[[#This Row],[Abbreviation]],"T") -> VIPOHIT | E98: OHI_HIST_ITEM | F98: 44239.146 | G98: =ReloadStatusTable[[#This Row],[Forecasted Reload Completion Time (MT)]]+1/24 -> 44239.188 | H98: =IF(ReloadStatusTable[[#This Row],[Actual Completion time (MT)]]="","not done yet","Complete") -> not done yet | I98: =_xlfn.XLOOKUP(CONCATENATE(ReloadStatusTable[[#This Row],[Table]],TEXT(Process_Date,"yyyy-mm-dd")),'Daily_Completion Status'!F:F,'Daily_Completion Status'!H:H,"",0) | J98: =ReloadStatusTable[[#This Row],[Actual Completion time (MT)]]+1/24 -> #VALUE! | K98: =_xlfn.TEXTJOIN("",TRUE, "VAN-INFOCAST-NDW-",ReloadStatusTable[[#This Row],[MSO]],"-",IF(ReloadStatusTable[[#This Row],[Abbreviation]]="HSB","HSE",IF(ReloadStatusTable[[#This Row],[Abbreviation]]="OJB","JOB",ReloadStatusTable[[#This Row],[Abbreviation]])),"-DLY") -> VAN-INFOCAST-NDW-SLC-OHI-DLY | L98: ndwinfoc.infocastvntg.YYYY-MM-DD.HHMMSS.SSS.ohi_hist_item.dat.gz.pgp | M98: 44239.271 | N98: =IF(ReloadStatusTable[[#This Row],[DWH Infocast Jobname]]="N/A","N/A",IF(ReloadStatusTable[[#This Row],[DWH Infocast File Actual Delivery Time (MT)]]="","not delivered yet","Delivered")) -> not delivered yet | O98: =IF(ReloadStatusTable[[#This Row],[DWH Infocast Jobname]]="N/A","N/A",IF(AND(_xlfn.XLOOKUP(ReloadStatusTable[[#This Row],[DWH Infocast Jobname]],'Infocast Autosys Job status'!B:B,'Infocast Autosys Job status'!F:F,"",0)>($C$1 + (18/24)),_xlfn.XLOOKUP(ReloadStatusTable[[#This Row],[DWH Infocast Jobname]],'Infocast Autosys Job status'!B:B,'Infocast Autosys Job status'!F:F,"",0)<($C$1 + 1 + (18/24))),_xlfn.XLOOKUP(ReloadStatusTable[[#This Row],[DWH Infocast Jobname]],'Infocast Autosys Job status'!B:B,'Infocast Autosys Job status'!F:F,"",0),"")) | P98: =ReloadStatusTable[[#This Row],[DWH Infocast File Actual Delivery Time (MT)]] + 1/24 -> #VALUE! | S98: 3179 | T98: 22600
A99: WOM | B99: ACP ITEM HISTORY | C99: OHI | D99: =_xlfn.TEXTJOIN("",TRUE, "VIP",ReloadStatusTable[[#This Row],[Abbreviation]],"T") -> VIPOHIT | E99: OHI_HIST_ITEM | F99: 44239.146 | G99: =ReloadStatusTable[[#This Row],[Forecasted Reload Completion Time (MT)]]+1/24 -> 44239.188 | H99: =IF(ReloadStatusTable[[#This Row],[Actual Completion time (MT)]]="","not done yet","Complete") -> not done yet | I99: =_xlfn.XLOOKUP(CONCATENATE(ReloadStatusTable[[#This Row],[Table]],TEXT(Process_Date,"yyyy-mm-dd")),'Daily_Completion Status'!F:F,'Daily_Completion Status'!H:H,"",0) | J99: =ReloadStatusTable[[#This Row],[Actual Completion time (MT)]]+1/24 -> #VALUE! | K99: =_xlfn.TEXTJOIN("",TRUE, "VAN-INFOCAST-NDW-",ReloadStatusTable[[#This Row],[MSO]],"-",IF(ReloadStatusTable[[#This Row],[Abbreviation]]="HSB","HSE",IF(ReloadStatusTable[[#This Row],[Abbreviation]]="OJB","JOB",ReloadStatusTable[[#This Row],[Abbreviation]])),"-DLY") -> VAN-INFOCAST-NDW-WOM-OHI-DLY | L99: ndwinfoc.infocastvntg.YYYY-MM-DD.HHMMSS.SSS.ohi_hist_item.dat.gz.pgp | M99: 44239.271 | N99: =IF(ReloadStatusTable[[#This Row],[DWH Infocast Jobname]]="N/A","N/A",IF(ReloadStatusTable[[#This Row],[DWH Infocast File Actual Delivery Time (MT)]]="","not delivered yet","Delivered")) -> not delivered yet | O99: =IF(ReloadStatusTable[[#This Row],[DWH Infocast Jobname]]="N/A","N/A",IF(AND(_xlfn.XLOOKUP(ReloadStatusTable[[#This Row],[DWH Infocast Jobname]],'Infocast Autosys Job status'!B:B,'Infocast Autosys Job status'!F:F,"",0)>($C$1 + (18/24)),_xlfn.XLOOKUP(ReloadStatusTable[[#This Row],[DWH Infocast Jobname]],'Infocast Autosys Job status'!B:B,'Infocast Autosys Job status'!F:F,"",0)<($C$1 + 1 + (18/24))),_xlfn.XLOOKUP(ReloadStatusTable[[#This Row],[DWH Infocast Jobname]],'Infocast Autosys Job status'!B:B,'Infocast Autosys Job status'!F:F,"",0),"")) | P99: =ReloadStatusTable[[#This Row],[DWH Infocast File Actual Delivery Time (MT)]] + 1/24 -> #VALUE! | S99: 3179 | T99: 22600
A100: DEN | B100: ACP ITEM CURRENT | C100: OCI | D100: =_xlfn.TEXTJOIN("",TRUE, "VIP",ReloadStatusTable[[#This Row],[Abbreviation]],"T") -> VIPOCIT | E100: OCI_CUR_ITEM | F100: 44238.979 | G100: =ReloadStatusTable[[#This Row],[Forecasted Reload Completion Time (MT)]]+1/24 -> 44239.021 | H100: =IF(ReloadStatusTable[[#This Row],[Actual Completion time (MT)]]="","not done yet","Complete") -> not done yet | I100: =_xlfn.XLOOKUP(CONCATENATE(ReloadStatusTable[[#This Row],[Table]],TEXT(Process_Date,"yyyy-mm-dd")),'Daily_Completion Status'!F:F,'Daily_Completion Status'!H:H,"",0) | J100: =ReloadStatusTable[[#This Row],[Actual Completion time (MT)]]+1/24 -> #VALUE! | K100: =_xlfn.TEXTJOIN("",TRUE, "VAN-INFOCAST-NDW-",ReloadStatusTable[[#This Row],[MSO]],"-",IF(ReloadStatusTable[[#This Row],[Abbreviation]]="HSB","HSE",IF(ReloadStatusTable[[#This Row],[Abbreviation]]="OJB","JOB",ReloadStatusTable[[#This Row],[Abbreviation]])),"-DLY") -> VAN-INFOCAST-NDW-DEN-OCI-DLY | L100: ndwinfoc.infocastvntg.YYYY-MM-DD.HHMMSS.SSS.oci_cur_item.dat.gz.pgp | M100: 44239.271 | N100: =IF(ReloadStatusTable[[#This Row],[DWH Infocast Jobname]]="N/A","N/A",IF(ReloadStatusTable[[#This Row],[DWH Infocast File Actual Delivery Time (MT)]]="","not delivered yet","Delivered")) -> not delivered yet | O100: =IF(ReloadStatusTable[[#This Row],[DWH Infocast Jobname]]="N/A","N/A",IF(AND(_xlfn.XLOOKUP(ReloadStatusTable[[#This Row],[DWH Infocast Jobname]],'Infocast Autosys Job status'!B:B,'Infocast Autosys Job status'!F:F,"",0)>($C$1 + (18/24)),_xlfn.XLOOKUP(ReloadStatusTable[[#This Row],[DWH Infocast Jobname]],'Infocast Autosys Job status'!B:B,'Infocast Autosys Job status'!F:F,"",0)<($C$1 + 1 + (18/24))),_xlfn.XLOOKUP(ReloadStatusTable[[#This Row],[DWH Infocast Jobname]],'Infocast Autosys Job status'!B:B,'Infocast Autosys Job status'!F:F,"",0),"")) | P100: =ReloadStatusTable[[#This Row],[DWH Infocast File Actual Delivery Time (MT)]] + 1/24 -> #VALUE! | S100: 2100 | T100: 25600
A101: SLC | B101: ACP ITEM CURRENT | C101: OCI | D101: =_xlfn.TEXTJOIN("",TRUE, "VIP",ReloadStatusTable[[#This Row],[Abbreviation]],"T") -> VIPOCIT | E101: OCI_CUR_ITEM | F101: 44238.979 | G101: =ReloadStatusTable[[#This Row],[Forecasted Reload Completion Time (MT)]]+1/24 -> 44239.021 | H101: =IF(ReloadStatusTable[[#This Row],[Actual Completion time (MT)]]="","not done yet","Complete") -> not done yet | I101: =_xlfn.XLOOKUP(CONCATENATE(ReloadStatusTable[[#This Row],[Table]],TEXT(Process_Date,"yyyy-mm-dd")),'Daily_Completion Status'!F:F,'Daily_Completion Status'!H:H,"",0) | J101: =ReloadStatusTable[[#This Row],[Actual Completion time (MT)]]+1/24 -> #VALUE! | K101: =_xlfn.TEXTJOIN("",TRUE, "VAN-INFOCAST-NDW-",ReloadStatusTable[[#This Row],[MSO]],"-",IF(ReloadStatusTable[[#This Row],[Abbreviation]]="HSB","HSE",IF(ReloadStatusTable[[#This Row],[Abbreviation]]="OJB","JOB",ReloadStatusTable[[#This Row],[Abbreviation]])),"-DLY") -> VAN-INFOCAST-NDW-SLC-OCI-DLY | L101: ndwinfoc.infocastvntg.YYYY-MM-DD.HHMMSS.SSS.oci_cur_item.dat.gz.pgp | M101: 44239.271 | N101: =IF(ReloadStatusTable[[#This Row],[DWH Infocast Jobname]]="N/A","N/A",IF(ReloadStatusTable[[#This Row],[DWH Infocast File Actual Delivery Time (MT)]]="","not delivered yet","Delivered")) -> not delivered yet | O101: =IF(ReloadStatusTable[[#This Row],[DWH Infocast Jobname]]="N/A","N/A",IF(AND(_xlfn.XLOOKUP(ReloadStatusTable[[#This Row],[DWH Infocast Jobname]],'Infocast Autosys Job status'!B:B,'Infocast Autosys Job status'!F:F,"",0)>($C$1 + (18/24)),_xlfn.XLOOKUP(ReloadStatusTable[[#This Row],[DWH Infocast Jobname]],'Infocast Autosys Job status'!B:B,'Infocast Autosys Job status'!F:F,"",0)<($C$1 + 1 + (18/24))),_xlfn.XLOOKUP(ReloadStatusTable[[#This Row],[DWH Infocast Jobname]],'Infocast Autosys Job status'!B:B,'Infocast Autosys Job status'!F:F,"",0),"")) | P101: =ReloadStatusTable[[#This Row],[DWH Infocast File Actual Delivery Time (MT)]] + 1/24 -> #VALUE! | S101: 2100 | T101: 25600
A102: WOM | B102: ACP ITEM CURRENT | C102: OCI | D102: =_xlfn.TEXTJOIN("",TRUE, "VIP",ReloadStatusTable[[#This Row],[Abbreviation]],"T") -> VIPOCIT | E102: OCI_CUR_ITEM | F102: 44238.979 | G102: =ReloadStatusTable[[#This Row],[Forecasted Reload Completion Time (MT)]]+1/24 -> 44239.021 | H102: =IF(ReloadStatusTable[[#This Row],[Actual Completion time (MT)]]="","not done yet","Complete") -> not done yet | I102: =_xlfn.XLOOKUP(CONCATENATE(ReloadStatusTable[[#This Row],[Table]],TEXT(Process_Date,"yyyy-mm-dd")),'Daily_Completion Status'!F:F,'Daily_Completion Status'!H:H,"",0) | J102: =ReloadStatusTable[[#This Row],[Actual Completion time (MT)]]+1/24 -> #VALUE! | K102: =_xlfn.TEXTJOIN("",TRUE, "VAN-INFOCAST-NDW-",ReloadStatusTable[[#This Row],[MSO]],"-",IF(ReloadStatusTable[[#This Row],[Abbreviation]]="HSB","HSE",IF(ReloadStatusTable[[#This Row],[Abbreviation]]="OJB","JOB",ReloadStatusTable[[#This Row],[Abbreviation]])),"-DLY") -> VAN-INFOCAST-NDW-WOM-OCI-DLY | L102: ndwinfoc.infocastvntg.YYYY-MM-DD.HHMMSS.SSS.oci_cur_item.dat.gz.pgp | M102: 44239.271 | N102: =IF(ReloadStatusTable[[#This Row],[DWH Infocast Jobname]]="N/A","N/A",IF(ReloadStatusTable[[#This Row],[DWH Infocast File Actual Delivery Time (MT)]]="","not delivered yet","Delivered")) -> not delivered yet | O102: =IF(ReloadStatusTable[[#This Row],[DWH Infocast Jobname]]="N/A","N/A",IF(AND(_xlfn.XLOOKUP(ReloadStatusTable[[#This Row],[DWH Infocast Jobname]],'Infocast Autosys Job status'!B:B,'Infocast Autosys Job status'!F:F,"",0)>($C$1 + (18/24)),_xlfn.XLOOKUP(ReloadStatusTable[[#This Row],[DWH Infocast Jobname]],'Infocast Autosys Job status'!B:B,'Infocast Autosys Job status'!F:F,"",0)<($C$1 + 1 + (18/24))),_xlfn.XLOOKUP(ReloadStatusTable[[#This Row],[DWH Infocast Jobname]],'Infocast Autosys Job status'!B:B,'Infocast Autosys Job status'!F:F,"",0),"")) | P102: =ReloadStatusTable[[#This Row],[DWH Infocast File Actual Delivery Time (MT)]] + 1/24 -> #VALUE! | S102: 2100 | T102: 25600
A103: DEN | B103: ACCOUNT RECEIVABLES | C103: ACD | D103: =_xlfn.TEXTJOIN("",TRUE, "VIP",ReloadStatusTable[[#This Row],[Abbreviation]],"T") -> VIPACDT | E103: ACD_DAYS_DELINQUENT | F103: 44239 | G103: =ReloadStatusTable[[#This Row],[Forecasted Reload Completion Time (MT)]]+1/24 -> 44239.042 | H103: =IF(ReloadStatusTable[[#This Row],[Actual Completion time (MT)]]="","not done yet","Complete") -> not done yet | I103: =_xlfn.XLOOKUP(CONCATENATE(ReloadStatusTable[[#This Row],[Table]],TEXT(Process_Date,"yyyy-mm-dd")),'Daily_Completion Status'!F:F,'Daily_Completion Status'!H:H,"",0) | J103: =ReloadStatusTable[[#This Row],[Actual Completion time (MT)]]+1/24 -> #VALUE! | K103: =_xlfn.TEXTJOIN("",TRUE, "VAN-INFOCAST-NDW-",ReloadStatusTable[[#This Row],[MSO]],"-",IF(ReloadStatusTable[[#This Row],[Abbreviation]]="HSB","HSE",IF(ReloadStatusTable[[#This Row],[Abbreviation]]="OJB","JOB",ReloadStatusTable[[#This Row],[Abbreviation]])),"-DLY") -> VAN-INFOCAST-NDW-DEN-ACD-DLY | L103: N/A | M103: N/A | N103: =IF(ReloadStatusTable[[#This Row],[DWH Infocast Jobname]]="N/A","N/A",IF(ReloadStatusTable[[#This Row],[DWH Infocast File Actual Delivery Time (MT)]]="","not delivered yet","Delivered")) -> not delivered yet | O103: =IF(ReloadStatusTable[[#This Row],[DWH Infocast Jobname]]="N/A","N/A",IF(AND(_xlfn.XLOOKUP(ReloadStatusTable[[#This Row],[DWH Infocast Jobname]],'Infocast Autosys Job status'!B:B,'Infocast Autosys Job status'!F:F,"",0)>($C$1 + (18/24)),_xlfn.XLOOKUP(ReloadStatusTable[[#This Row],[DWH Infocast Jobname]],'Infocast Autosys Job status'!B:B,'Infocast Autosys Job status'!F:F,"",0)<($C$1 + 1 + (18/24))),_xlfn.XLOOKUP(ReloadStatusTable[[#This Row],[DWH Infocast Jobname]],'Infocast Autosys Job status'!B:B,'Infocast Autosys Job status'!F:F,"",0),"")) | P103: =ReloadStatusTable[[#This Row],[DWH Infocast File Actual Delivery Time (MT)]] + 1/24 -> #VALUE!
A104: SLC | B104: ACCOUNT RECEIVABLES | C104: ACD | D104: =_xlfn.TEXTJOIN("",TRUE, "VIP",ReloadStatusTable[[#This Row],[Abbreviation]],"T") -> VIPACDT | E104: ACD_DAYS_DELINQUENT | F104: 44239 | G104: =ReloadStatusTable[[#This Row],[Forecasted Reload Completion Time (MT)]]+1/24 -> 44239.042 | H104: =IF(ReloadStatusTable[[#This Row],[Actual Completion time (MT)]]="","not done yet","Complete") -> not done yet | I104: =_xlfn.XLOOKUP(CONCATENATE(ReloadStatusTable[[#This Row],[Table]],TEXT(Process_Date,"yyyy-mm-dd")),'Daily_Completion Status'!F:F,'Daily_Completion Status'!H:H,"",0) | J104: =ReloadStatusTable[[#This Row],[Actual Completion time (MT)]]+1/24 -> #VALUE! | K104: =_xlfn.TEXTJOIN("",TRUE, "VAN-INFOCAST-NDW-",ReloadStatusTable[[#This Row],[MSO]],"-",IF(ReloadStatusTable[[#This Row],[Abbreviation]]="HSB","HSE",IF(ReloadStatusTable[[#This Row],[Abbreviation]]="OJB","JOB",ReloadStatusTable[[#This Row],[Abbreviation]])),"-DLY") -> VAN-INFOCAST-NDW-SLC-ACD-DLY | L104: N/A | M104: N/A | N104: =IF(ReloadStatusTable[[#This Row],[DWH Infocast Jobname]]="N/A","N/A",IF(ReloadStatusTable[[#This Row],[DWH Infocast File Actual Delivery Time (MT)]]="","not delivered yet","Delivered")) -> not delivered yet | O104: =IF(ReloadStatusTable[[#This Row],[DWH Infocast Jobname]]="N/A","N/A",IF(AND(_xlfn.XLOOKUP(ReloadStatusTable[[#This Row],[DWH Infocast Jobname]],'Infocast Autosys Job status'!B:B,'Infocast Autosys Job status'!F:F,"",0)>($C$1 + (18/24)),_xlfn.XLOOKUP(ReloadStatusTable[[#This Row],[DWH Infocast Jobname]],'Infocast Autosys Job status'!B:B,'Infocast Autosys Job status'!F:F,"",0)<($C$1 + 1 + (18/24))),_xlfn.XLOOKUP(ReloadStatusTable[[#This Row],[DWH Infocast Jobname]],'Infocast Autosys Job status'!B:B,'Infocast Autosys Job status'!F:F,"",0),"")) | P104: =ReloadStatusTable[[#This Row],[DWH Infocast File Actual Delivery Time (MT)]] + 1/24 -> #VALUE!
A105: WOM | B105: ACCOUNT RECEIVABLES | C105: ACD | D105: =_xlfn.TEXTJOIN("",TRUE, "VIP",ReloadStatusTable[[#This Row],[Abbreviation]],"T") -> VIPACDT | E105: ACD_DAYS_DELINQUENT | F105: 44239 | G105: =ReloadStatusTable[[#This Row],[Forecasted Reload Completion Time (MT)]]+1/24 -> 44239.042 | H105: =IF(ReloadStatusTable[[#This Row],[Actual Completion time (MT)]]="","not done yet","Complete") -> not done yet | I105: =_xlfn.XLOOKUP(CONCATENATE(ReloadStatusTable[[#This Row],[Table]],TEXT(Process_Date,"yyyy-mm-dd")),'Daily_Completion Status'!F:F,'Daily_Completion Status'!H:H,"",0) | J105: =ReloadStatusTable[[#This Row],[Actual Completion time (MT)]]+1/24 -> #VALUE! | K105: =_xlfn.TEXTJOIN("",TRUE, "VAN-INFOCAST-NDW-",ReloadStatusTable[[#This Row],[MSO]],"-",IF(ReloadStatusTable[[#This Row],[Abbreviation]]="HSB","HSE",IF(ReloadStatusTable[[#This Row],[Abbreviation]]="OJB","JOB",ReloadStatusTable[[#This Row],[Abbreviation]])),"-DLY") -> VAN-INFOCAST-NDW-WOM-ACD-DLY | L105: N/A | M105: N/A | N105: =IF(ReloadStatusTable[[#This Row],[DWH Infocast Jobname]]="N/A","N/A",IF(ReloadStatusTable[[#This Row],[DWH Infocast File Actual Delivery Time (MT)]]="","not delivered yet","Delivered")) -> not delivered yet | O105: =IF(ReloadStatusTable[[#This Row],[DWH Infocast Jobname]]="N/A","N/A",IF(AND(_xlfn.XLOOKUP(ReloadStatusTable[[#This Row],[DWH Infocast Jobname]],'Infocast Autosys Job status'!B:B,'Infocast Autosys Job status'!F:F,"",0)>($C$1 + (18/24)),_xlfn.XLOOKUP(ReloadStatusTable[[#This Row],[DWH Infocast Jobname]],'Infocast Autosys Job status'!B:B,'Infocast Autosys Job status'!F:F,"",0)<($C$1 + 1 + (18/24))),_xlfn.XLOOKUP(ReloadStatusTable[[#This Row],[DWH Infocast Jobname]],'Infocast Autosys Job status'!B:B,'Infocast Autosys Job status'!F:F,"",0),"")) | P105: =ReloadStatusTable[[#This Row],[DWH Infocast File Actual Delivery Time (MT)]] + 1/24 -> #VALUE!
A106: DEN | B106: CUSTOMER / HOUSE XREF | C106: CHX | D106: =_xlfn.TEXTJOIN("",TRUE, "VIP",ReloadStatusTable[[#This Row],[Abbreviation]],"T") -> VIPCHXT | E106: CHX_CUS_HSE | F106: 44239.146 | G106: =ReloadStatusTable[[#This Row],[Forecasted Reload Completion Time (MT)]]+1/24 -> 44239.188 | H106: =IF(ReloadStatusTable[[#This Row],[Actual Completion time (MT)]]="","not done yet","Complete") -> not done yet | I106: =_xlfn.XLOOKUP(CONCATENATE(ReloadStatusTable[[#This Row],[Table]],TEXT(Process_Date,"yyyy-mm-dd")),'Daily_Completion Status'!F:F,'Daily_Completion Status'!H:H,"",0) | J106: =ReloadStatusTable[[#This Row],[Actual Completion time (MT)]]+1/24 -> #VALUE! | K106: =_xlfn.TEXTJOIN("",TRUE, "VAN-INFOCAST-NDW-",ReloadStatusTable[[#This Row],[MSO]],"-",IF(ReloadStatusTable[[#This Row],[Abbreviation]]="HSB","HSE",IF(ReloadStatusTable[[#This Row],[Abbreviation]]="OJB","JOB",ReloadStatusTable[[#This Row],[Abbreviation]])),"-DLY") -> VAN-INFOCAST-NDW-DEN-CHX-DLY | L106: N/A | M106: N/A | N106: =IF(ReloadStatusTable[[#This Row],[DWH Infocast Jobname]]="N/A","N/A",IF(ReloadStatusTable[[#This Row],[DWH Infocast File Actual Delivery Time (MT)]]="","not delivered yet","Delivered")) -> not delivered yet | O106: =IF(ReloadStatusTable[[#This Row],[DWH Infocast Jobname]]="N/A","N/A",IF(AND(_xlfn.XLOOKUP(ReloadStatusTable[[#This Row],[DWH Infocast Jobname]],'Infocast Autosys Job status'!B:B,'Infocast Autosys Job status'!F:F,"",0)>($C$1 + (18/24)),_xlfn.XLOOKUP(ReloadStatusTable[[#This Row],[DWH Infocast Jobname]],'Infocast Autosys Job status'!B:B,'Infocast Autosys Job status'!F:F,"",0)<($C$1 + 1 + (18/24))),_xlfn.XLOOKUP(ReloadStatusTable[[#This Row],[DWH Infocast Jobname]],'Infocast Autosys Job status'!B:B,'Infocast Autosys Job status'!F:F,"",0),"")) | P106: =ReloadStatusTable[[#This Row],[DWH Infocast File Actual Delivery Time (MT)]] + 1/24 -> #VALUE!
A107: SLC | B107: CUSTOMER / HOUSE XREF | C107: CHX | D107: =_xlfn.TEXTJOIN("",TRUE, "VIP",ReloadStatusTable[[#This Row],[Abbreviation]],"T") -> VIPCHXT | E107: CHX_CUS_HSE | F107: 44239.146 | G107: =ReloadStatusTable[[#This Row],[Forecasted Reload Completion Time (MT)]]+1/24 -> 44239.188 | H107: =IF(ReloadStatusTable[[#This Row],[Actual Completion time (MT)]]="","not done yet","Complete") -> not done yet | I107: =_xlfn.XLOOKUP(CONCATENATE(ReloadStatusTable[[#This Row],[Table]],TEXT(Process_Date,"yyyy-mm-dd")),'Daily_Completion Status'!F:F,'Daily_Completion Status'!H:H,"",0) | J107: =ReloadStatusTable[[#This Row],[Actual Completion time (MT)]]+1/24 -> #VALUE! | K107: =_xlfn.TEXTJOIN("",TRUE, "VAN-INFOCAST-NDW-",ReloadStatusTable[[#This Row],[MSO]],"-",IF(ReloadStatusTable[[#This Row],[Abbreviation]]="HSB","HSE",IF(ReloadStatusTable[[#This Row],[Abbreviation]]="OJB","JOB",ReloadStatusTable[[#This Row],[Abbreviation]])),"-DLY") -> VAN-INFOCAST-NDW-SLC-CHX-DLY | L107: N/A | M107: N/A | N107: =IF(ReloadStatusTable[[#This Row],[DWH Infocast Jobname]]="N/A","N/A",IF(ReloadStatusTable[[#This Row],[DWH Infocast File Actual Delivery Time (MT)]]="","not delivered yet","Delivered")) -> not delivered yet | O107: =IF(ReloadStatusTable[[#This Row],[DWH Infocast Jobname]]="N/A","N/A",IF(AND(_xlfn.XLOOKUP(ReloadStatusTable[[#This Row],[DWH Infocast Jobname]],'Infocast Autosys Job status'!B:B,'Infocast Autosys Job status'!F:F,"",0)>($C$1 + (18/24)),_xlfn.XLOOKUP(ReloadStatusTable[[#This Row],[DWH Infocast Jobname]],'Infocast Autosys Job status'!B:B,'Infocast Autosys Job status'!F:F,"",0)<($C$1 + 1 + (18/24))),_xlfn.XLOOKUP(ReloadStatusTable[[#This Row],[DWH Infocast Jobname]],'Infocast Autosys Job status'!B:B,'Infocast Autosys Job status'!F:F,"",0),"")) | P107: =ReloadStatusTable[[#This Row],[DWH Infocast File Actual Delivery Time (MT)]] + 1/24 -> #VALUE!
A108: WOM | B108: CUSTOMER / HOUSE XREF | C108: CHX | D108: =_xlfn.TEXTJOIN("",TRUE, "VIP",ReloadStatusTable[[#This Row],[Abbreviation]],"T") -> VIPCHXT | E108: CHX_CUS_HSE | F108: 44239.146 | G108: =ReloadStatusTable[[#This Row],[Forecasted Reload Completion Time (MT)]]+1/24 -> 44239.188 | H108: =IF(ReloadStatusTable[[#This Row],[Actual Completion time (MT)]]="","not done yet","Complete") -> not done yet | I108: =_xlfn.XLOOKUP(CONCATENATE(ReloadStatusTable[[#This Row],[Table]],TEXT(Process_Date,"yyyy-mm-dd")),'Daily_Completion Status'!F:F,'Daily_Completion Status'!H:H,"",0) | J108: =ReloadStatusTable[[#This Row],[Actual Completion time (MT)]]+1/24 -> #VALUE! | K108: =_xlfn.TEXTJOIN("",TRUE, "VAN-INFOCAST-NDW-",ReloadStatusTable[[#This Row],[MSO]],"-",IF(ReloadStatusTable[[#This Row],[Abbreviation]]="HSB","HSE",IF(ReloadStatusTable[[#This Row],[Abbreviation]]="OJB","JOB",ReloadStatusTable[[#This Row],[Abbreviation]])),"-DLY") -> VAN-INFOCAST-NDW-WOM-CHX-DLY | L108: N/A | M108: N/A | N108: =IF(ReloadStatusTable[[#This Row],[DWH Infocast Jobname]]="N/A","N/A",IF(ReloadStatusTable[[#This Row],[DWH Infocast File Actual Delivery Time (MT)]]="","not delivered yet","Delivered")) -> not delivered yet | O108: =IF(ReloadStatusTable[[#This Row],[DWH Infocast Jobname]]="N/A","N/A",IF(AND(_xlfn.XLOOKUP(ReloadStatusTable[[#This Row],[DWH Infocast Jobname]],'Infocast Autosys Job status'!B:B,'Infocast Autosys Job status'!F:F,"",0)>($C$1 + (18/24)),_xlfn.XLOOKUP(ReloadStatusTable[[#This Row],[DWH Infocast Jobname]],'Infocast Autosys Job status'!B:B,'Infocast Autosys Job status'!F:F,"",0)<($C$1 + 1 + (18/24))),_xlfn.XLOOKUP(ReloadStatusTable[[#This Row],[DWH Infocast Jobname]],'Infocast Autosys Job status'!B:B,'Infocast Autosys Job status'!F:F,"",0),"")) | P108: =ReloadStatusTable[[#This Row],[DWH Infocast File Actual Delivery Time (MT)]] + 1/24 -> #VALUE!
A109: DEN | B109: ACP ITEM PENDING | C109: OOI | D109: =_xlfn.TEXTJOIN("",TRUE, "VIP",ReloadStatusTable[[#This Row],[Abbreviation]],"T") -> VIPOOIT | E109: OOI_ACP_ITEM | F109: 44239.167 | G109: =ReloadStatusTable[[#This Row],[Forecasted Reload Completion Time (MT)]]+1/24 -> 44239.208 | H109: =IF(ReloadStatusTable[[#This Row],[Actual Completion time (MT)]]="","not done yet","Complete") -> not done yet | I109: =_xlfn.XLOOKUP(CONCATENATE(ReloadStatusTable[[#This Row],[Table]],TEXT(Process_Date,"yyyy-mm-dd")),'Daily_Completion Status'!F:F,'Daily_Completion Status'!H:H,"",0) | J109: =ReloadStatusTable[[#This Row],[Actual Completion time (MT)]]+1/24 -> #VALUE! | K109: =_xlfn.TEXTJOIN("",TRUE, "VAN-INFOCAST-NDW-",ReloadStatusTable[[#This Row],[MSO]],"-",IF(ReloadStatusTable[[#This Row],[Abbreviation]]="HSB","HSE",IF(ReloadStatusTable[[#This Row],[Abbreviation]]="OJB","JOB",ReloadStatusTable[[#This Row],[Abbreviation]])),"-DLY") -> VAN-INFOCAST-NDW-DEN-OOI-DLY | L109: N/A | M109: N/A | N109: =IF(ReloadStatusTable[[#This Row],[DWH Infocast Jobname]]="N/A","N/A",IF(ReloadStatusTable[[#This Row],[DWH Infocast File Actual Delivery Time (MT)]]="","not delivered yet","Delivered")) -> not delivered yet | O109: =IF(ReloadStatusTable[[#This Row],[DWH Infocast Jobname]]="N/A","N/A",IF(AND(_xlfn.XLOOKUP(ReloadStatusTable[[#This Row],[DWH Infocast Jobname]],'Infocast Autosys Job status'!B:B,'Infocast Autosys Job status'!F:F,"",0)>($C$1 + (18/24)),_xlfn.XLOOKUP(ReloadStatusTable[[#This Row],[DWH Infocast Jobname]],'Infocast Autosys Job status'!B:B,'Infocast Autosys Job status'!F:F,"",0)<($C$1 + 1 + (18/24))),_xlfn.XLOOKUP(ReloadStatusTable[[#This Row],[DWH Infocast Jobname]],'Infocast Autosys Job status'!B:B,'Infocast Autosys Job status'!F:F,"",0),"")) | P109: =ReloadStatusTable[[#This Row],[DWH Infocast File Actual Delivery Time (MT)]] + 1/24 -> #VALUE!
A110: SLC | B110: ACP ITEM PENDING | C110: OOI | D110: =_xlfn.TEXTJOIN("",TRUE, "VIP",ReloadStatusTable[[#This Row],[Abbreviation]],"T") -> VIPOOIT | E110: OOI_ACP_ITEM | F110: 44239.167 | G110: =ReloadStatusTable[[#This Row],[Forecasted Reload Completion Time (MT)]]+1/24 -> 44239.208 | H110: =IF(ReloadStatusTable[[#This Row],[Actual Completion time (MT)]]="","not done yet","Complete") -> not done yet | I110: =_xlfn.XLOOKUP(CONCATENATE(ReloadStatusTable[[#This Row],[Table]],TEXT(Process_Date,"yyyy-mm-dd")),'Daily_Completion Status'!F:F,'Daily_Completion Status'!H:H,"",0) | J110: =ReloadStatusTable[[#This Row],[Actual Completion time (MT)]]+1/24 -> #VALUE! | K110: =_xlfn.TEXTJOIN("",TRUE, "VAN-INFOCAST-NDW-",ReloadStatusTable[[#This Row],[MSO]],"-",IF(ReloadStatusTable[[#This Row],[Abbreviation]]="HSB","HSE",IF(ReloadStatusTable[[#This Row],[Abbreviation]]="OJB","JOB",ReloadStatusTable[[#This Row],[Abbreviation]])),"-DLY") -> VAN-INFOCAST-NDW-SLC-OOI-DLY | L110: N/A | M110: N/A | N110: =IF(ReloadStatusTable[[#This Row],[DWH Infocast Jobname]]="N/A","N/A",IF(ReloadStatusTable[[#This Row],[DWH Infocast File Actual Delivery Time (MT)]]="","not delivered yet","Delivered")) -> not delivered yet | O110: =IF(ReloadStatusTable[[#This Row],[DWH Infocast Jobname]]="N/A","N/A",IF(AND(_xlfn.XLOOKUP(ReloadStatusTable[[#This Row],[DWH Infocast Jobname]],'Infocast Autosys Job status'!B:B,'Infocast Autosys Job status'!F:F,"",0)>($C$1 + (18/24)),_xlfn.XLOOKUP(ReloadStatusTable[[#This Row],[DWH Infocast Jobname]],'Infocast Autosys Job status'!B:B,'Infocast Autosys Job status'!F:F,"",0)<($C$1 + 1 + (18/24))),_xlfn.XLOOKUP(ReloadStatusTable[[#This Row],[DWH Infocast Jobname]],'Infocast Autosys Job status'!B:B,'Infocast Autosys Job status'!F:F,"",0),"")) | P110: =ReloadStatusTable[[#This Row],[DWH Infocast File Actual Delivery Time (MT)]] + 1/24 -> #VALUE!
A111: WOM | B111: ACP ITEM PENDING | C111: OOI | D111: =_xlfn.TEXTJOIN("",TRUE, "VIP",ReloadStatusTable[[#This Row],[Abbreviation]],"T") -> VIPOOIT | E111: OOI_ACP_ITEM | F111: 44239.167 | G111: =ReloadStatusTable[[#This Row],[Forecasted Reload Completion Time (MT)]]+1/24 -> 44239.208 | H111: =IF(ReloadStatusTable[[#This Row],[Actual Completion time (MT)]]="","not done yet","Complete") -> not done yet | I111: =_xlfn.XLOOKUP(CONCATENATE(ReloadStatusTable[[#This Row],[Table]],TEXT(Process_Date,"yyyy-mm-dd")),'Daily_Completion Status'!F:F,'Daily_Completion Status'!H:H,"",0) | J111: =ReloadStatusTable[[#This Row],[Actual Completion time (MT)]]+1/24 -> #VALUE! | K111: =_xlfn.TEXTJOIN("",TRUE, "VAN-INFOCAST-NDW-",ReloadStatusTable[[#This Row],[MSO]],"-",IF(ReloadStatusTable[[#This Row],[Abbreviation]]="HSB","HSE",IF(ReloadStatusTable[[#This Row],[Abbreviation]]="OJB","JOB",ReloadStatusTable[[#This Row],[Abbreviation]])),"-DLY") -> VAN-INFOCAST-NDW-WOM-OOI-DLY | L111: N/A | M111: N/A | N111: =IF(ReloadStatusTable[[#This Row],[DWH Infocast Jobname]]="N/A","N/A",IF(ReloadStatusTable[[#This Row],[DWH Infocast File Actual Delivery Time (MT)]]="","not delivered yet","Delivered")) -> not delivered yet | O111: =IF(ReloadStatusTable[[#This Row],[DWH Infocast Jobname]]="N/A","N/A",IF(AND(_xlfn.XLOOKUP(ReloadStatusTable[[#This Row],[DWH Infocast Jobname]],'Infocast Autosys Job status'!B:B,'Infocast Autosys Job status'!F:F,"",0)>($C$1 + (18/24)),_xlfn.XLOOKUP(ReloadStatusTable[[#This Row],[DWH Infocast Jobname]],'Infocast Autosys Job status'!B:B,'Infocast Autosys Job status'!F:F,"",0)<($C$1 + 1 + (18/24))),_xlfn.XLOOKUP(ReloadStatusTable[[#This Row],[DWH Infocast Jobname]],'Infocast Autosys Job status'!B:B,'Infocast Autosys Job status'!F:F,"",0),"")) | P111: =ReloadStatusTable[[#This Row],[DWH Infocast File Actual Delivery Time (MT)]] + 1/24 -> #VALUE!
A112: DEN | B112: ACP ORDER | C112: OCL | D112: =_xlfn.TEXTJOIN("",TRUE, "VIP",ReloadStatusTable[[#This Row],[Abbreviation]],"T") -> VIPOCLT | E112: OCL_ORDER_COMP_LOB | F112: 44238.938 | G112: =ReloadStatusTable[[#This Row],[Forecasted Reload Completion Time (MT)]]+1/24 -> 44238.979 | H112: =IF(ReloadStatusTable[[#This Row],[Actual Completion time (MT)]]="","not done yet","Complete") -> not done yet | I112: =_xlfn.XLOOKUP(CONCATENATE(ReloadStatusTable[[#This Row],[Table]],TEXT(Process_Date,"yyyy-mm-dd")),'Daily_Completion Status'!F:F,'Daily_Completion Status'!H:H,"",0) | J112: =ReloadStatusTable[[#This Row],[Actual Completion time (MT)]]+1/24 -> #VALUE! | K112: =_xlfn.TEXTJOIN("",TRUE, "VAN-INFOCAST-NDW-",ReloadStatusTable[[#This Row],[MSO]],"-",IF(ReloadStatusTable[[#This Row],[Abbreviation]]="HSB","HSE",IF(ReloadStatusTable[[#This Row],[Abbreviation]]="OJB","JOB",ReloadStatusTable[[#This Row],[Abbreviation]])),"-DLY") -> VAN-INFOCAST-NDW-DEN-OCL-DLY | L112: ndwinfoc.infocastvntg.YYYY-MM-DD.HHMMSS.SSS.ocl_order_comp_lob.dat.gz.pgp | M112: 44239.021 | N112: =IF(ReloadStatusTable[[#This Row],[DWH Infocast Jobname]]="N/A","N/A",IF(ReloadStatusTable[[#This Row],[DWH Infocast File Actual Delivery Time (MT)]]="","not delivered yet","Delivered")) -> not delivered yet | O112: =IF(ReloadStatusTable[[#This Row],[DWH Infocast Jobname]]="N/A","N/A",IF(AND(_xlfn.XLOOKUP(ReloadStatusTable[[#This Row],[DWH Infocast Jobname]],'Infocast Autosys Job status'!B:B,'Infocast Autosys Job status'!F:F,"",0)>($C$1 + (18/24)),_xlfn.XLOOKUP(ReloadStatusTable[[#This Row],[DWH Infocast Jobname]],'Infocast Autosys Job status'!B:B,'Infocast Autosys Job status'!F:F,"",0)<($C$1 + 1 + (18/24))),_xlfn.XLOOKUP(ReloadStatusTable[[#This Row],[DWH Infocast Jobname]],'Infocast Autosys Job status'!B:B,'Infocast Autosys Job status'!F:F,"",0),"")) | P112: =ReloadStatusTable[[#This Row],[DWH Infocast File Actual Delivery Time (MT)]] + 1/24 -> #VALUE! | S112: 506 | T112: 80000
A113: SLC | B113: ACP ORDER | C113: OCL | D113: =_xlfn.TEXTJOIN("",TRUE, "VIP",ReloadStatusTable[[#This Row],[Abbreviation]],"T") -> VIPOCLT | E113: OCL_ORDER_COMP_LOB | F113: 44238.938 | G113: =ReloadStatusTable[[#This Row],[Forecasted Reload Completion Time (MT)]]+1/24 -> 44238.979 | H113: =IF(ReloadStatusTable[[#This Row],[Actual Completion time (MT)]]="","not done yet","Complete") -> not done yet | I113: =_xlfn.XLOOKUP(CONCATENATE(ReloadStatusTable[[#This Row],[Table]],TEXT(Process_Date,"yyyy-mm-dd")),'Daily_Completion Status'!F:F,'Daily_Completion Status'!H:H,"",0) | J113: =ReloadStatusTable[[#This Row],[Actual Completion time (MT)]]+1/24 -> #VALUE! | K113: =_xlfn.TEXTJOIN("",TRUE, "VAN-INFOCAST-NDW-",ReloadStatusTable[[#This Row],[MSO]],"-",IF(ReloadStatusTable[[#This Row],[Abbreviation]]="HSB","HSE",IF(ReloadStatusTable[[#This Row],[Abbreviation]]="OJB","JOB",ReloadStatusTable[[#This Row],[Abbreviation]])),"-DLY") -> VAN-INFOCAST-NDW-SLC-OCL-DLY | L113: ndwinfoc.infocastvntg.YYYY-MM-DD.HHMMSS.SSS.ocl_order_comp_lob.dat.gz.pgp | M113: 44239.021 | N113: =IF(ReloadStatusTable[[#This Row],[DWH Infocast Jobname]]="N/A","N/A",IF(ReloadStatusTable[[#This Row],[DWH Infocast File Actual Delivery Time (MT)]]="","not delivered yet","Delivered")) -> not delivered yet | O113: =IF(ReloadStatusTable[[#This Row],[DWH Infocast Jobname]]="N/A","N/A",IF(AND(_xlfn.XLOOKUP(ReloadStatusTable[[#This Row],[DWH Infocast Jobname]],'Infocast Autosys Job status'!B:B,'Infocast Autosys Job status'!F:F,"",0)>($C$1 + (18/24)),_xlfn.XLOOKUP(ReloadStatusTable[[#This Row],[DWH Infocast Jobname]],'Infocast Autosys Job status'!B:B,'Infocast Autosys Job status'!F:F,"",0)<($C$1 + 1 + (18/24))),_xlfn.XLOOKUP(ReloadStatusTable[[#This Row],[DWH Infocast Jobname]],'Infocast Autosys Job status'!B:B,'Infocast Autosys Job status'!F:F,"",0),"")) | P113: =ReloadStatusTable[[#This Row],[DWH Infocast File Actual Delivery Time (MT)]] + 1/24 -> #VALUE!
A114: WOM | B114: ACP ORDER | C114: OCL | D114: =_xlfn.TEXTJOIN("",TRUE, "VIP",ReloadStatusTable[[#This Row],[Abbreviation]],"T") -> VIPOCLT | E114: OCL_ORDER_COMP_LOB | F114: 44238.938 | G114: =ReloadStatusTable[[#This Row],[Forecasted Reload Completion Time (MT)]]+1/24 -> 44238.979 | H114: =IF(ReloadStatusTable[[#This Row],[Actual Completion time (MT)]]="","not done yet","Complete") -> not done yet | I114: =_xlfn.XLOOKUP(CONCATENATE(ReloadStatusTable[[#This Row],[Table]],TEXT(Process_Date,"yyyy-mm-dd")),'Daily_Completion Status'!F:F,'Daily_Completion Status'!H:H,"",0) | J114: =ReloadStatusTable[[#This Row],[Actual Completion time (MT)]]+1/24 -> #VALUE! | K114: =_xlfn.TEXTJOIN("",TRUE, "VAN-INFOCAST-NDW-",ReloadStatusTable[[#This Row],[MSO]],"-",IF(ReloadStatusTable[[#This Row],[Abbreviation]]="HSB","HSE",IF(ReloadStatusTable[[#This Row],[Abbreviation]]="OJB","JOB",ReloadStatusTable[[#This Row],[Abbreviation]])),"-DLY") -> VAN-INFOCAST-NDW-WOM-OCL-DLY | L114: ndwinfoc.infocastvntg.YYYY-MM-DD.HHMMSS.SSS.ocl_order_comp_lob.dat.gz.pgp | M114: 44239.021 | N114: =IF(ReloadStatusTable[[#This Row],[DWH Infocast Jobname]]="N/A","N/A",IF(ReloadStatusTable[[#This Row],[DWH Infocast File Actual Delivery Time (MT)]]="","not delivered yet","Delivered")) -> not delivered yet | O114: =IF(ReloadStatusTable[[#This Row],[DWH Infocast Jobname]]="N/A","N/A",IF(AND(_xlfn.XLOOKUP(ReloadStatusTable[[#This Row],[DWH Infocast Jobname]],'Infocast Autosys Job status'!B:B,'Infocast Autosys Job status'!F:F,"",0)>($C$1 + (18/24)),_xlfn.XLOOKUP(ReloadStatusTable[[#This Row],[DWH Infocast Jobname]],'Infocast Autosys Job status'!B:B,'Infocast Autosys Job status'!F:F,"",0)<($C$1 + 1 + (18/24))),_xlfn.XLOOKUP(ReloadStatusTable[[#This Row],[DWH Infocast Jobname]],'Infocast Autosys Job status'!B:B,'Infocast Autosys Job status'!F:F,"",0),"")) | P114: =ReloadStatusTable[[#This Row],[DWH Infocast File Actual Delivery Time (MT)]] + 1/24 -> #VALUE!
A115: DEN | B115: ACP ORDER | C115: OOL | D115: =_xlfn.TEXTJOIN("",TRUE, "VIP",ReloadStatusTable[[#This Row],[Abbreviation]],"T") -> VIPOOLT | E115: OOL_ORDER_OPEN_LOB | F115: 44238.938 | G115: =ReloadStatusTable[[#This Row],[Forecasted Reload Completion Time (MT)]]+1/24 -> 44238.979 | H115: =IF(ReloadStatusTable[[#This Row],[Actual Completion time (MT)]]="","not done yet","Complete") -> not done yet | I115: =_xlfn.XLOOKUP(CONCATENATE(ReloadStatusTable[[#This Row],[Table]],TEXT(Process_Date,"yyyy-mm-dd")),'Daily_Completion Status'!F:F,'Daily_Completion Status'!H:H,"",0) | J115: =ReloadStatusTable[[#This Row],[Actual Completion time (MT)]]+1/24 -> #VALUE! | K115: =_xlfn.TEXTJOIN("",TRUE, "VAN-INFOCAST-NDW-",ReloadStatusTable[[#This Row],[MSO]],"-",IF(ReloadStatusTable[[#This Row],[Abbreviation]]="HSB","HSE",IF(ReloadStatusTable[[#This Row],[Abbreviation]]="OJB","JOB",ReloadStatusTable[[#This Row],[Abbreviation]])),"-DLY") -> VAN-INFOCAST-NDW-DEN-OOL-DLY | L115: ndwinfoc.infocastvntg.YYYY-MM-DD.HHMMSS.SSS.ool_order_open_lob.dat.gz.pgp | M115: 44239.021 | N115: =IF(ReloadStatusTable[[#This Row],[DWH Infocast Jobname]]="N/A","N/A",IF(ReloadStatusTable[[#This Row],[DWH Infocast File Actual Delivery Time (MT)]]="","not delivered yet","Delivered")) -> not delivered yet | O115: =IF(ReloadStatusTable[[#This Row],[DWH Infocast Jobname]]="N/A","N/A",IF(AND(_xlfn.XLOOKUP(ReloadStatusTable[[#This Row],[DWH Infocast Jobname]],'Infocast Autosys Job status'!B:B,'Infocast Autosys Job status'!F:F,"",0)>($C$1 + (18/24)),_xlfn.XLOOKUP(ReloadStatusTable[[#This Row],[DWH Infocast Jobname]],'Infocast Autosys Job status'!B:B,'Infocast Autosys Job status'!F:F,"",0)<($C$1 + 1 + (18/24))),_xlfn.XLOOKUP(ReloadStatusTable[[#This Row],[DWH Infocast Jobname]],'Infocast Autosys Job status'!B:B,'Infocast Autosys Job status'!F:F,"",0),"")) | P115: =ReloadStatusTable[[#This Row],[DWH Infocast File Actual Delivery Time (MT)]] + 1/24 -> #VALUE! | S115: 64400 | T115: 64400
A116: SLC | B116: ACP ORDER | C116: OOL | D116: =_xlfn.TEXTJOIN("",TRUE, "VIP",ReloadStatusTable[[#This Row],[Abbreviation]],"T") -> VIPOOLT | E116: OOL_ORDER_OPEN_LOB | F116: 44238.938 | G116: =ReloadStatusTable[[#This Row],[Forecasted Reload Completion Time (MT)]]+1/24 -> 44238.979 | H116: =IF(ReloadStatusTable[[#This Row],[Actual Completion time (MT)]]="","not done yet","Complete") -> not done yet | I116: =_xlfn.XLOOKUP(CONCATENATE(ReloadStatusTable[[#This Row],[Table]],TEXT(Process_Date,"yyyy-mm-dd")),'Daily_Completion Status'!F:F,'Daily_Completion Status'!H:H,"",0) | J116: =ReloadStatusTable[[#This Row],[Actual Completion time (MT)]]+1/24 -> #VALUE! | K116: =_xlfn.TEXTJOIN("",TRUE, "VAN-INFOCAST-NDW-",ReloadStatusTable[[#This Row],[MSO]],"-",IF(ReloadStatusTable[[#This Row],[Abbreviation]]="HSB","HSE",IF(ReloadStatusTable[[#This Row],[Abbreviation]]="OJB","JOB",ReloadStatusTable[[#This Row],[Abbreviation]])),"-DLY") -> VAN-INFOCAST-NDW-SLC-OOL-DLY | L116: ndwinfoc.infocastvntg.YYYY-MM-DD.HHMMSS.SSS.ool_order_open_lob.dat.gz.pgp | M116: 44239.021 | N116: =IF(ReloadStatusTable[[#This Row],[DWH Infocast Jobname]]="N/A","N/A",IF(ReloadStatusTable[[#This Row],[DWH Infocast File Actual Delivery Time (MT)]]="","not delivered yet","Delivered")) -> not delivered yet | O116: =IF(ReloadStatusTable[[#This Row],[DWH Infocast Jobname]]="N/A","N/A",IF(AND(_xlfn.XLOOKUP(ReloadStatusTable[[#This Row],[DWH Infocast Jobname]],'Infocast Autosys Job status'!B:B,'Infocast Autosys Job status'!F:F,"",0)>($C$1 + (18/24)),_xlfn.XLOOKUP(ReloadStatusTable[[#This Row],[DWH Infocast Jobname]],'Infocast Autosys Job status'!B:B,'Infocast Autosys Job status'!F:F,"",0)<($C$1 + 1 + (18/24))),_xlfn.XLOOKUP(ReloadStatusTable[[#This Row],[DWH Infocast Jobname]],'Infocast Autosys Job status'!B:B,'Infocast Autosys Job status'!F:F,"",0),"")) | P116: =ReloadStatusTable[[#This Row],[DWH Infocast File Actual Delivery Time (MT)]] + 1/24 -> #VALUE!
A117: WOM | B117: ACP ORDER | C117: OOL | D117: =_xlfn.TEXTJOIN("",TRUE, "VIP",ReloadStatusTable[[#This Row],[Abbreviation]],"T") -> VIPOOLT | E117: OOL_ORDER_OPEN_LOB | F117: 44238.938 | G117: =ReloadStatusTable[[#This Row],[Forecasted Reload Completion Time (MT)]]+1/24 -> 44238.979 | H117: =IF(ReloadStatusTable[[#This Row],[Actual Completion time (MT)]]="","not done yet","Complete") -> not done yet | I117: =_xlfn.XLOOKUP(CONCATENATE(ReloadStatusTable[[#This Row],[Table]],TEXT(Process_Date,"yyyy-mm-dd")),'Daily_Completion Status'!F:F,'Daily_Completion Status'!H:H,"",0) | J117: =ReloadStatusTable[[#This Row],[Actual Completion time (MT)]]+1/24 -> #VALUE! | K117: =_xlfn.TEXTJOIN("",TRUE, "VAN-INFOCAST-NDW-",ReloadStatusTable[[#This Row],[MSO]],"-",IF(ReloadStatusTable[[#This Row],[Abbreviation]]="HSB","HSE",IF(ReloadStatusTable[[#This Row],[Abbreviation]]="OJB","JOB",ReloadStatusTable[[#This Row],[Abbreviation]])),"-DLY") -> VAN-INFOCAST-NDW-WOM-OOL-DLY | L117: ndwinfoc.infocastvntg.YYYY-MM-DD.HHMMSS.SSS.ool_order_open_lob.dat.gz.pgp | M117: 44239.021 | N117: =IF(ReloadStatusTable[[#This Row],[DWH Infocast Jobname]]="N/A","N/A",IF(ReloadStatusTable[[#This Row],[DWH Infocast File Actual Delivery Time (MT)]]="","not delivered yet","Delivered")) -> not delivered yet | O117: =IF(ReloadStatusTable[[#This Row],[DWH Infocast Jobname]]="N/A","N/A",IF(AND(_xlfn.XLOOKUP(ReloadStatusTable[[#This Row],[DWH Infocast Jobname]],'Infocast Autosys Job status'!B:B,'Infocast Autosys Job status'!F:F,"",0)>($C$1 + (18/24)),_xlfn.XLOOKUP(ReloadStatusTable[[#This Row],[DWH Infocast Jobname]],'Infocast Autosys Job status'!B:B,'Infocast Autosys Job status'!F:F,"",0)<($C$1 + 1 + (18/24))),_xlfn.XLOOKUP(ReloadStatusTable[[#This Row],[DWH Infocast Jobname]],'Infocast Autosys Job status'!B:B,'Infocast Autosys Job status'!F:F,"",0),"")) | P117: =ReloadStatusTable[[#This Row],[DWH Infocast File Actual Delivery Time (MT)]] + 1/24 -> #VALUE!
A118: DEN | B118: ACP ORDER | C118: OTL | D118: =_xlfn.TEXTJOIN("",TRUE, "VIP",ReloadStatusTable[[#This Row],[Abbreviation]],"T") -> VIPOTLT | E118: OTL_TROUBLE_CALL_LOB | F118: 44238.938 | G118: =ReloadStatusTable[[#This Row],[Forecasted Reload Completion Time (MT)]]+1/24 -> 44238.979 | H118: =IF(ReloadStatusTable[[#This Row],[Actual Completion time (MT)]]="","not done yet","Complete") -> not done yet | I118: =_xlfn.XLOOKUP(CONCATENATE(ReloadStatusTable[[#This Row],[Table]],TEXT(Process_Date,"yyyy-mm-dd")),'Daily_Completion Status'!F:F,'Daily_Completion Status'!H:H,"",0) | J118: =ReloadStatusTable[[#This Row],[Actual Completion time (MT)]]+1/24 -> #VALUE! | K118: =_xlfn.TEXTJOIN("",TRUE, "VAN-INFOCAST-NDW-",ReloadStatusTable[[#This Row],[MSO]],"-",IF(ReloadStatusTable[[#This Row],[Abbreviation]]="HSB","HSE",IF(ReloadStatusTable[[#This Row],[Abbreviation]]="OJB","JOB",ReloadStatusTable[[#This Row],[Abbreviation]])),"-DLY") -> VAN-INFOCAST-NDW-DEN-OTL-DLY | L118: ndwinfoc.infocastvntg.YYYY-MM-DD.HHMMSS.SSS.otl_trouble_call_lob.dat.gz.pgp | M118: 44239.021 | N118: =IF(ReloadStatusTable[[#This Row],[DWH Infocast Jobname]]="N/A","N/A",IF(ReloadStatusTable[[#This Row],[DWH Infocast File Actual Delivery Time (MT)]]="","not delivered yet","Delivered")) -> not delivered yet | O118: =IF(ReloadStatusTable[[#This Row],[DWH Infocast Jobname]]="N/A","N/A",IF(AND(_xlfn.XLOOKUP(ReloadStatusTable[[#This Row],[DWH Infocast Jobname]],'Infocast Autosys Job status'!B:B,'Infocast Autosys Job status'!F:F,"",0)>($C$1 + (18/24)),_xlfn.XLOOKUP(ReloadStatusTable[[#This Row],[DWH Infocast Jobname]],'Infocast Autosys Job status'!B:B,'Infocast Autosys Job status'!F:F,"",0)<($C$1 + 1 + (18/24))),_xlfn.XLOOKUP(ReloadStatusTable[[#This Row],[DWH Infocast Jobname]],'Infocast Autosys Job status'!B:B,'Infocast Autosys Job status'!F:F,"",0),"")) | P118: =ReloadStatusTable[[#This Row],[DWH Infocast File Actual Delivery Time (MT)]] + 1/24 -> #VALUE! | T118: 42121
A119: SLC | B119: ACP ORDER | C119: OTL | D119: =_xlfn.TEXTJOIN("",TRUE, "VIP",ReloadStatusTable[[#This Row],[Abbreviation]],"T") -> VIPOTLT | E119: OTL_TROUBLE_CALL_LOB | F119: 44238.938 | G119: =ReloadStatusTable[[#This Row],[Forecasted Reload Completion Time (MT)]]+1/24 -> 44238.979 | H119: =IF(ReloadStatusTable[[#This Row],[Actual Completion time (MT)]]="","not done yet","Complete") -> not done yet | I119: =_xlfn.XLOOKUP(CONCATENATE(ReloadStatusTable[[#This Row],[Table]],TEXT(Process_Date,"yyyy-mm-dd")),'Daily_Completion Status'!F:F,'Daily_Completion Status'!H:H,"",0) | J119: =ReloadStatusTable[[#This Row],[Actual Completion time (MT)]]+1/24 -> #VALUE! | K119: =_xlfn.TEXTJOIN("",TRUE, "VAN-INFOCAST-NDW-",ReloadStatusTable[[#This Row],[MSO]],"-",IF(ReloadStatusTable[[#This Row],[Abbreviation]]="HSB","HSE",IF(ReloadStatusTable[[#This Row],[Abbreviation]]="OJB","JOB",ReloadStatusTable[[#This Row],[Abbreviation]])),"-DLY") -> VAN-INFOCAST-NDW-SLC-OTL-DLY | L119: ndwinfoc.infocastvntg.YYYY-MM-DD.HHMMSS.SSS.otl_trouble_call_lob.dat.gz.pgp | M119: 44239.021 | N119: =IF(ReloadStatusTable[[#This Row],[DWH Infocast Jobname]]="N/A","N/A",IF(ReloadStatusTable[[#This Row],[DWH Infocast File Actual Delivery Time (MT)]]="","not delivered yet","Delivered")) -> not delivered yet | O119: =IF(ReloadStatusTable[[#This Row],[DWH Infocast Jobname]]="N/A","N/A",IF(AND(_xlfn.XLOOKUP(ReloadStatusTable[[#This Row],[DWH Infocast Jobname]],'Infocast Autosys Job status'!B:B,'Infocast Autosys Job status'!F:F,"",0)>($C$1 + (18/24)),_xlfn.XLOOKUP(ReloadStatusTable[[#This Row],[DWH Infocast Jobname]],'Infocast Autosys Job status'!B:B,'Infocast Autosys Job status'!F:F,"",0)<($C$1 + 1 + (18/24))),_xlfn.XLOOKUP(ReloadStatusTable[[#This Row],[DWH Infocast Jobname]],'Infocast Autosys Job status'!B:B,'Infocast Autosys Job status'!F:F,"",0),"")) | P119: =ReloadStatusTable[[#This Row],[DWH Infocast File Actual Delivery Time (MT)]] + 1/24 -> #VALUE!
A120: WOM | B120: ACP ORDER | C120: OTL | D120: =_xlfn.TEXTJOIN("",TRUE, "VIP",ReloadStatusTable[[#This Row],[Abbreviation]],"T") -> VIPOTLT | E120: OTL_TROUBLE_CALL_LOB | F120: 44238.938 | G120: =ReloadStatusTable[[#This Row],[Forecasted Reload Completion Time (MT)]]+1/24 -> 44238.979 | H120: =IF(ReloadStatusTable[[#This Row],[Actual Completion time (MT)]]="","not done yet","Complete") -> not done yet | I120: =_xlfn.XLOOKUP(CONCATENATE(ReloadStatusTable[[#This Row],[Table]],TEXT(Process_Date,"yyyy-mm-dd")),'Daily_Completion Status'!F:F,'Daily_Completion Status'!H:H,"",0) | J120: =ReloadStatusTable[[#This Row],[Actual Completion time (MT)]]+1/24 -> #VALUE! | K120: =_xlfn.TEXTJOIN("",TRUE, "VAN-INFOCAST-NDW-",ReloadStatusTable[[#This Row],[MSO]],"-",IF(ReloadStatusTable[[#This Row],[Abbreviation]]="HSB","HSE",IF(ReloadStatusTable[[#This Row],[Abbreviation]]="OJB","JOB",ReloadStatusTable[[#This Row],[Abbreviation]])),"-DLY") -> VAN-INFOCAST-NDW-WOM-OTL-DLY | L120: ndwinfoc.infocastvntg.YYYY-MM-DD.HHMMSS.SSS.otl_trouble_call_lob.dat.gz.pgp | M120: 44239.021 | N120: =IF(ReloadStatusTable[[#This Row],[DWH Infocast Jobname]]="N/A","N/A",IF(ReloadStatusTable[[#This Row],[DWH Infocast File Actual Delivery Time (MT)]]="","not delivered yet","Delivered")) -> not delivered yet | O120: =IF(ReloadStatusTable[[#This Row],[DWH Infocast Jobname]]="N/A","N/A",IF(AND(_xlfn.XLOOKUP(ReloadStatusTable[[#This Row],[DWH Infocast Jobname]],'Infocast Autosys Job status'!B:B,'Infocast Autosys Job status'!F:F,"",0)>($C$1 + (18/24)),_xlfn.XLOOKUP(ReloadStatusTable[[#This Row],[DWH Infocast Jobname]],'Infocast Autosys Job status'!B:B,'Infocast Autosys Job status'!F:F,"",0)<($C$1 + 1 + (18/24))),_xlfn.XLOOKUP(ReloadStatusTable[[#This Row],[DWH Infocast Jobname]],'Infocast Autosys Job status'!B:B,'Infocast Autosys Job status'!F:F,"",0),"")) | P120: =ReloadStatusTable[[#This Row],[DWH Infocast File Actual Delivery Time (MT)]] + 1/24 -> #VALUE!
A121: DEN | B121: ACP ORDER | C121: OCR | D121: =_xlfn.TEXTJOIN("",TRUE, "VIP",ReloadStatusTable[[#This Row],[Abbreviation]],"T") -> VIPOCRT | E121: OCR_ORDER_COMP | F121: 44238.938 | G121: =ReloadStatusTable[[#This Row],[Forecasted Reload Completion Time (MT)]]+1/24 -> 44238.979 | H121: =IF(ReloadStatusTable[[#This Row],[Actual Completion time (MT)]]="","not done yet","Complete") -> not done yet | I121: =_xlfn.XLOOKUP(CONCATENATE(ReloadStatusTable[[#This Row],[Table]],TEXT(Process_Date,"yyyy-mm-dd")),'Daily_Completion Status'!F:F,'Daily_Completion Status'!H:H,"",0) | J121: =ReloadStatusTable[[#This Row],[Actual Completion time (MT)]]+1/24 -> #VALUE! | K121: =_xlfn.TEXTJOIN("",TRUE, "VAN-INFOCAST-NDW-",ReloadStatusTable[[#This Row],[MSO]],"-",IF(ReloadStatusTable[[#This Row],[Abbreviation]]="HSB","HSE",IF(ReloadStatusTable[[#This Row],[Abbreviation]]="OJB","JOB",ReloadStatusTable[[#This Row],[Abbreviation]])),"-DLY") -> VAN-INFOCAST-NDW-DEN-OCR-DLY | L121: ndwinfoc.infocastvntg.YYYY-MM-DD.HHMMSS.SSS.ocr_order_comp.dat.gz.pgp | M121: 44239.021 | N121: =IF(ReloadStatusTable[[#This Row],[DWH Infocast Jobname]]="N/A","N/A",IF(ReloadStatusTable[[#This Row],[DWH Infocast File Actual Delivery Time (MT)]]="","not delivered yet","Delivered")) -> not delivered yet | O121: =IF(ReloadStatusTable[[#This Row],[DWH Infocast Jobname]]="N/A","N/A",IF(AND(_xlfn.XLOOKUP(ReloadStatusTable[[#This Row],[DWH Infocast Jobname]],'Infocast Autosys Job status'!B:B,'Infocast Autosys Job status'!F:F,"",0)>($C$1 + (18/24)),_xlfn.XLOOKUP(ReloadStatusTable[[#This Row],[DWH Infocast Jobname]],'Infocast Autosys Job status'!B:B,'Infocast Autosys Job status'!F:F,"",0)<($C$1 + 1 + (18/24))),_xlfn.XLOOKUP(ReloadStatusTable[[#This Row],[DWH Infocast Jobname]],'Infocast Autosys Job status'!B:B,'Infocast Autosys Job status'!F:F,"",0),"")) | P121: =ReloadStatusTable[[#This Row],[DWH Infocast File Actual Delivery Time (MT)]] + 1/24 -> #VALUE! | S121: 323 | T121: 21600
A122: SLC | B122: ACP ORDER | C122: OCR | D122: =_xlfn.TEXTJOIN("",TRUE, "VIP",ReloadStatusTable[[#This Row],[Abbreviation]],"T") -> VIPOCRT | E122: OCR_ORDER_COMP | F122: 44238.938 | G122: =ReloadStatusTable[[#This Row],[Forecasted Reload Completion Time (MT)]]+1/24 -> 44238.979 | H122: =IF(ReloadStatusTable[[#This Row],[Actual Completion time (MT)]]="","not done yet","Complete") -> not done yet | I122: =_xlfn.XLOOKUP(CONCATENATE(ReloadStatusTable[[#This Row],[Table]],TEXT(Process_Date,"yyyy-mm-dd")),'Daily_Completion Status'!F:F,'Daily_Completion Status'!H:H,"",0) | J122: =ReloadStatusTable[[#This Row],[Actual Completion time (MT)]]+1/24 -> #VALUE! | K122: =_xlfn.TEXTJOIN("",TRUE, "VAN-INFOCAST-NDW-",ReloadStatusTable[[#This Row],[MSO]],"-",IF(ReloadStatusTable[[#This Row],[Abbreviation]]="HSB","HSE",IF(ReloadStatusTable[[#This Row],[Abbreviation]]="OJB","JOB",ReloadStatusTable[[#This Row],[Abbreviation]])),"-DLY") -> VAN-INFOCAST-NDW-SLC-OCR-DLY | L122: ndwinfoc.infocastvntg.YYYY-MM-DD.HHMMSS.SSS.ocr_order_comp.dat.gz.pgp | M122: 44239.021 | N122: =IF(ReloadStatusTable[[#This Row],[DWH Infocast Jobname]]="N/A","N/A",IF(ReloadStatusTable[[#This Row],[DWH Infocast File Actual Delivery Time (MT)]]="","not delivered yet","Delivered")) -> not delivered yet | O122: =IF(ReloadStatusTable[[#This Row],[DWH Infocast Jobname]]="N/A","N/A",IF(AND(_xlfn.XLOOKUP(ReloadStatusTable[[#This Row],[DWH Infocast Jobname]],'Infocast Autosys Job status'!B:B,'Infocast Autosys Job status'!F:F,"",0)>($C$1 + (18/24)),_xlfn.XLOOKUP(ReloadStatusTable[[#This Row],[DWH Infocast Jobname]],'Infocast Autosys Job status'!B:B,'Infocast Autosys Job status'!F:F,"",0)<($C$1 + 1 + (18/24))),_xlfn.XLOOKUP(ReloadStatusTable[[#This Row],[DWH Infocast Jobname]],'Infocast Autosys Job status'!B:B,'Infocast Autosys Job status'!F:F,"",0),"")) | P122: =ReloadStatusTable[[#This Row],[DWH Infocast File Actual Delivery Time (MT)]] + 1/24 -> #VALUE!
